--
-- PostgreSQL database dump
--

\restrict cynhlLSbcRuR4EKSZYFwbZbk03gYU6O58rbmHLoIzO5ZWSot45fTTwGsiS3nGRr

-- Dumped from database version 18.1
-- Dumped by pg_dump version 18.1

SET statement_timeout = 0;
SET lock_timeout = 0;
SET idle_in_transaction_session_timeout = 0;
SET transaction_timeout = 0;
SET client_encoding = 'UTF8';
SET standard_conforming_strings = on;
SELECT pg_catalog.set_config('search_path', '', false);
SET check_function_bodies = false;
SET xmloption = content;
SET client_min_messages = warning;
SET row_security = off;

SET default_tablespace = '';

SET default_table_access_method = heap;

--
-- Name: accounts_user; Type: TABLE; Schema: public; Owner: postgres
--

CREATE TABLE public.accounts_user (
    id bigint NOT NULL,
    password character varying(128) NOT NULL,
    last_login timestamp with time zone,
    is_superuser boolean NOT NULL,
    username character varying(150) NOT NULL,
    first_name character varying(150) NOT NULL,
    last_name character varying(150) NOT NULL,
    is_staff boolean NOT NULL,
    is_active boolean NOT NULL,
    date_joined timestamp with time zone NOT NULL,
    email character varying(254) NOT NULL,
    phone character varying(20) NOT NULL,
    role character varying(20) NOT NULL,
    created_at timestamp with time zone NOT NULL,
    updated_at timestamp with time zone NOT NULL,
    created_by_id bigint
);


ALTER TABLE public.accounts_user OWNER TO postgres;

--
-- Name: accounts_user_groups; Type: TABLE; Schema: public; Owner: postgres
--

CREATE TABLE public.accounts_user_groups (
    id bigint NOT NULL,
    user_id bigint NOT NULL,
    group_id integer NOT NULL
);


ALTER TABLE public.accounts_user_groups OWNER TO postgres;

--
-- Name: accounts_user_groups_id_seq; Type: SEQUENCE; Schema: public; Owner: postgres
--

ALTER TABLE public.accounts_user_groups ALTER COLUMN id ADD GENERATED BY DEFAULT AS IDENTITY (
    SEQUENCE NAME public.accounts_user_groups_id_seq
    START WITH 1
    INCREMENT BY 1
    NO MINVALUE
    NO MAXVALUE
    CACHE 1
);


--
-- Name: accounts_user_id_seq; Type: SEQUENCE; Schema: public; Owner: postgres
--

ALTER TABLE public.accounts_user ALTER COLUMN id ADD GENERATED BY DEFAULT AS IDENTITY (
    SEQUENCE NAME public.accounts_user_id_seq
    START WITH 1
    INCREMENT BY 1
    NO MINVALUE
    NO MAXVALUE
    CACHE 1
);


--
-- Name: accounts_user_user_permissions; Type: TABLE; Schema: public; Owner: postgres
--

CREATE TABLE public.accounts_user_user_permissions (
    id bigint NOT NULL,
    user_id bigint NOT NULL,
    permission_id integer NOT NULL
);


ALTER TABLE public.accounts_user_user_permissions OWNER TO postgres;

--
-- Name: accounts_user_user_permissions_id_seq; Type: SEQUENCE; Schema: public; Owner: postgres
--

ALTER TABLE public.accounts_user_user_permissions ALTER COLUMN id ADD GENERATED BY DEFAULT AS IDENTITY (
    SEQUENCE NAME public.accounts_user_user_permissions_id_seq
    START WITH 1
    INCREMENT BY 1
    NO MINVALUE
    NO MAXVALUE
    CACHE 1
);


--
-- Name: auth_group; Type: TABLE; Schema: public; Owner: postgres
--

CREATE TABLE public.auth_group (
    id integer NOT NULL,
    name character varying(150) NOT NULL
);


ALTER TABLE public.auth_group OWNER TO postgres;

--
-- Name: auth_group_id_seq; Type: SEQUENCE; Schema: public; Owner: postgres
--

ALTER TABLE public.auth_group ALTER COLUMN id ADD GENERATED BY DEFAULT AS IDENTITY (
    SEQUENCE NAME public.auth_group_id_seq
    START WITH 1
    INCREMENT BY 1
    NO MINVALUE
    NO MAXVALUE
    CACHE 1
);


--
-- Name: auth_group_permissions; Type: TABLE; Schema: public; Owner: postgres
--

CREATE TABLE public.auth_group_permissions (
    id bigint NOT NULL,
    group_id integer NOT NULL,
    permission_id integer NOT NULL
);


ALTER TABLE public.auth_group_permissions OWNER TO postgres;

--
-- Name: auth_group_permissions_id_seq; Type: SEQUENCE; Schema: public; Owner: postgres
--

ALTER TABLE public.auth_group_permissions ALTER COLUMN id ADD GENERATED BY DEFAULT AS IDENTITY (
    SEQUENCE NAME public.auth_group_permissions_id_seq
    START WITH 1
    INCREMENT BY 1
    NO MINVALUE
    NO MAXVALUE
    CACHE 1
);


--
-- Name: auth_permission; Type: TABLE; Schema: public; Owner: postgres
--

CREATE TABLE public.auth_permission (
    id integer NOT NULL,
    name character varying(255) NOT NULL,
    content_type_id integer NOT NULL,
    codename character varying(100) NOT NULL
);


ALTER TABLE public.auth_permission OWNER TO postgres;

--
-- Name: auth_permission_id_seq; Type: SEQUENCE; Schema: public; Owner: postgres
--

ALTER TABLE public.auth_permission ALTER COLUMN id ADD GENERATED BY DEFAULT AS IDENTITY (
    SEQUENCE NAME public.auth_permission_id_seq
    START WITH 1
    INCREMENT BY 1
    NO MINVALUE
    NO MAXVALUE
    CACHE 1
);


--
-- Name: authtoken_token; Type: TABLE; Schema: public; Owner: postgres
--

CREATE TABLE public.authtoken_token (
    key character varying(40) NOT NULL,
    created timestamp with time zone NOT NULL,
    user_id bigint NOT NULL
);


ALTER TABLE public.authtoken_token OWNER TO postgres;

--
-- Name: construction_constructionsite; Type: TABLE; Schema: public; Owner: postgres
--

CREATE TABLE public.construction_constructionsite (
    id bigint NOT NULL,
    name character varying(255) NOT NULL,
    address text NOT NULL,
    status character varying(20) NOT NULL,
    progress_percentage integer NOT NULL,
    start_date date,
    end_date date,
    created_at timestamp with time zone NOT NULL,
    updated_at timestamp with time zone NOT NULL,
    project_id bigint NOT NULL,
    city character varying(100) NOT NULL,
    description text NOT NULL,
    postal_code character varying(20) NOT NULL,
    budget numeric(12,2),
    chef_de_chantier_id bigint,
    CONSTRAINT construction_constructionsite_progress_percentage_check CHECK ((progress_percentage >= 0))
);


ALTER TABLE public.construction_constructionsite OWNER TO postgres;

--
-- Name: construction_constructionsite_id_seq; Type: SEQUENCE; Schema: public; Owner: postgres
--

ALTER TABLE public.construction_constructionsite ALTER COLUMN id ADD GENERATED BY DEFAULT AS IDENTITY (
    SEQUENCE NAME public.construction_constructionsite_id_seq
    START WITH 1
    INCREMENT BY 1
    NO MINVALUE
    NO MAXVALUE
    CACHE 1
);


--
-- Name: construction_journalentry; Type: TABLE; Schema: public; Owner: postgres
--

CREATE TABLE public.construction_journalentry (
    id bigint NOT NULL,
    date date NOT NULL,
    content text NOT NULL,
    weather character varying(20) NOT NULL,
    workers_count integer NOT NULL,
    created_at timestamp with time zone NOT NULL,
    author_id bigint NOT NULL,
    site_id bigint NOT NULL,
    CONSTRAINT construction_journalentry_workers_count_check CHECK ((workers_count >= 0))
);


ALTER TABLE public.construction_journalentry OWNER TO postgres;

--
-- Name: construction_journalentry_id_seq; Type: SEQUENCE; Schema: public; Owner: postgres
--

ALTER TABLE public.construction_journalentry ALTER COLUMN id ADD GENERATED BY DEFAULT AS IDENTITY (
    SEQUENCE NAME public.construction_journalentry_id_seq
    START WITH 1
    INCREMENT BY 1
    NO MINVALUE
    NO MAXVALUE
    CACHE 1
);


--
-- Name: construction_milestone; Type: TABLE; Schema: public; Owner: postgres
--

CREATE TABLE public.construction_milestone (
    id bigint NOT NULL,
    description character varying(255) NOT NULL,
    completed boolean NOT NULL,
    "order" integer NOT NULL,
    created_at timestamp with time zone NOT NULL,
    updated_at timestamp with time zone NOT NULL,
    site_id bigint NOT NULL,
    end_date date,
    start_date date,
    responsible character varying(100) NOT NULL,
    CONSTRAINT construction_milestone_order_check CHECK (("order" >= 0))
);


ALTER TABLE public.construction_milestone OWNER TO postgres;

--
-- Name: construction_milestone_id_seq; Type: SEQUENCE; Schema: public; Owner: postgres
--

ALTER TABLE public.construction_milestone ALTER COLUMN id ADD GENERATED BY DEFAULT AS IDENTITY (
    SEQUENCE NAME public.construction_milestone_id_seq
    START WITH 1
    INCREMENT BY 1
    NO MINVALUE
    NO MAXVALUE
    CACHE 1
);


--
-- Name: construction_progressupdate; Type: TABLE; Schema: public; Owner: postgres
--

CREATE TABLE public.construction_progressupdate (
    id bigint NOT NULL,
    phase character varying(100) NOT NULL,
    percentage integer NOT NULL,
    notes text NOT NULL,
    updated_at timestamp with time zone NOT NULL,
    site_id bigint NOT NULL,
    updated_by_id bigint NOT NULL,
    CONSTRAINT construction_progressupdate_percentage_check CHECK ((percentage >= 0))
);


ALTER TABLE public.construction_progressupdate OWNER TO postgres;

--
-- Name: construction_progressupdate_id_seq; Type: SEQUENCE; Schema: public; Owner: postgres
--

ALTER TABLE public.construction_progressupdate ALTER COLUMN id ADD GENERATED BY DEFAULT AS IDENTITY (
    SEQUENCE NAME public.construction_progressupdate_id_seq
    START WITH 1
    INCREMENT BY 1
    NO MINVALUE
    NO MAXVALUE
    CACHE 1
);


--
-- Name: construction_sitephoto; Type: TABLE; Schema: public; Owner: postgres
--

CREATE TABLE public.construction_sitephoto (
    id bigint NOT NULL,
    image character varying(100) NOT NULL,
    caption character varying(255) NOT NULL,
    taken_at timestamp with time zone,
    created_at timestamp with time zone NOT NULL,
    journal_entry_id bigint,
    site_id bigint NOT NULL,
    uploaded_by_id bigint
);


ALTER TABLE public.construction_sitephoto OWNER TO postgres;

--
-- Name: construction_sitephoto_id_seq; Type: SEQUENCE; Schema: public; Owner: postgres
--

ALTER TABLE public.construction_sitephoto ALTER COLUMN id ADD GENERATED BY DEFAULT AS IDENTITY (
    SEQUENCE NAME public.construction_sitephoto_id_seq
    START WITH 1
    INCREMENT BY 1
    NO MINVALUE
    NO MAXVALUE
    CACHE 1
);


--
-- Name: django_admin_log; Type: TABLE; Schema: public; Owner: postgres
--

CREATE TABLE public.django_admin_log (
    id integer NOT NULL,
    action_time timestamp with time zone NOT NULL,
    object_id text,
    object_repr character varying(200) NOT NULL,
    action_flag smallint NOT NULL,
    change_message text NOT NULL,
    content_type_id integer,
    user_id bigint NOT NULL,
    CONSTRAINT django_admin_log_action_flag_check CHECK ((action_flag >= 0))
);


ALTER TABLE public.django_admin_log OWNER TO postgres;

--
-- Name: django_admin_log_id_seq; Type: SEQUENCE; Schema: public; Owner: postgres
--

ALTER TABLE public.django_admin_log ALTER COLUMN id ADD GENERATED BY DEFAULT AS IDENTITY (
    SEQUENCE NAME public.django_admin_log_id_seq
    START WITH 1
    INCREMENT BY 1
    NO MINVALUE
    NO MAXVALUE
    CACHE 1
);


--
-- Name: django_content_type; Type: TABLE; Schema: public; Owner: postgres
--

CREATE TABLE public.django_content_type (
    id integer NOT NULL,
    app_label character varying(100) NOT NULL,
    model character varying(100) NOT NULL
);


ALTER TABLE public.django_content_type OWNER TO postgres;

--
-- Name: django_content_type_id_seq; Type: SEQUENCE; Schema: public; Owner: postgres
--

ALTER TABLE public.django_content_type ALTER COLUMN id ADD GENERATED BY DEFAULT AS IDENTITY (
    SEQUENCE NAME public.django_content_type_id_seq
    START WITH 1
    INCREMENT BY 1
    NO MINVALUE
    NO MAXVALUE
    CACHE 1
);


--
-- Name: django_migrations; Type: TABLE; Schema: public; Owner: postgres
--

CREATE TABLE public.django_migrations (
    id bigint NOT NULL,
    app character varying(255) NOT NULL,
    name character varying(255) NOT NULL,
    applied timestamp with time zone NOT NULL
);


ALTER TABLE public.django_migrations OWNER TO postgres;

--
-- Name: django_migrations_id_seq; Type: SEQUENCE; Schema: public; Owner: postgres
--

ALTER TABLE public.django_migrations ALTER COLUMN id ADD GENERATED BY DEFAULT AS IDENTITY (
    SEQUENCE NAME public.django_migrations_id_seq
    START WITH 1
    INCREMENT BY 1
    NO MINVALUE
    NO MAXVALUE
    CACHE 1
);


--
-- Name: django_session; Type: TABLE; Schema: public; Owner: postgres
--

CREATE TABLE public.django_session (
    session_key character varying(40) NOT NULL,
    session_data text NOT NULL,
    expire_date timestamp with time zone NOT NULL
);


ALTER TABLE public.django_session OWNER TO postgres;

--
-- Name: documents_document; Type: TABLE; Schema: public; Owner: postgres
--

CREATE TABLE public.documents_document (
    id bigint NOT NULL,
    title character varying(255) NOT NULL,
    file character varying(100) NOT NULL,
    category character varying(20) NOT NULL,
    description text NOT NULL,
    uploaded_at timestamp with time zone NOT NULL,
    project_id bigint,
    property_id bigint NOT NULL,
    uploaded_by_id bigint,
    site_id bigint
);


ALTER TABLE public.documents_document OWNER TO postgres;

--
-- Name: documents_document_id_seq; Type: SEQUENCE; Schema: public; Owner: postgres
--

ALTER TABLE public.documents_document ALTER COLUMN id ADD GENERATED BY DEFAULT AS IDENTITY (
    SEQUENCE NAME public.documents_document_id_seq
    START WITH 1
    INCREMENT BY 1
    NO MINVALUE
    NO MAXVALUE
    CACHE 1
);


--
-- Name: finance_cashcall; Type: TABLE; Schema: public; Owner: postgres
--

CREATE TABLE public.finance_cashcall (
    id bigint NOT NULL,
    amount numeric(12,2) NOT NULL,
    reason character varying(255) NOT NULL,
    description text NOT NULL,
    due_date date NOT NULL,
    status character varying(20) NOT NULL,
    created_at timestamp with time zone NOT NULL,
    updated_at timestamp with time zone NOT NULL,
    created_by_id bigint,
    property_id bigint NOT NULL,
    proof character varying(100)
);


ALTER TABLE public.finance_cashcall OWNER TO postgres;

--
-- Name: finance_cashcall_id_seq; Type: SEQUENCE; Schema: public; Owner: postgres
--

ALTER TABLE public.finance_cashcall ALTER COLUMN id ADD GENERATED BY DEFAULT AS IDENTITY (
    SEQUENCE NAME public.finance_cashcall_id_seq
    START WITH 1
    INCREMENT BY 1
    NO MINVALUE
    NO MAXVALUE
    CACHE 1
);


--
-- Name: finance_financialtransaction; Type: TABLE; Schema: public; Owner: postgres
--

CREATE TABLE public.finance_financialtransaction (
    id bigint NOT NULL,
    type character varying(10) NOT NULL,
    category character varying(20) NOT NULL,
    amount numeric(12,2) NOT NULL,
    date date NOT NULL,
    description text NOT NULL,
    invoice character varying(100),
    created_at timestamp with time zone NOT NULL,
    updated_at timestamp with time zone NOT NULL,
    created_by_id bigint,
    property_id bigint NOT NULL,
    period_month smallint,
    period_year integer,
    parent_transaction_id bigint,
    cash_call_id bigint,
    settlement_id bigint,
    owner_id bigint,
    site_id bigint,
    project_id bigint,
    CONSTRAINT finance_financialtransaction_period_month_check CHECK ((period_month >= 0)),
    CONSTRAINT finance_financialtransaction_period_year_check CHECK ((period_year >= 0))
);


ALTER TABLE public.finance_financialtransaction OWNER TO postgres;

--
-- Name: finance_financialtransaction_id_seq; Type: SEQUENCE; Schema: public; Owner: postgres
--

ALTER TABLE public.finance_financialtransaction ALTER COLUMN id ADD GENERATED BY DEFAULT AS IDENTITY (
    SEQUENCE NAME public.finance_financialtransaction_id_seq
    START WITH 1
    INCREMENT BY 1
    NO MINVALUE
    NO MAXVALUE
    CACHE 1
);


--
-- Name: finance_settlement; Type: TABLE; Schema: public; Owner: postgres
--

CREATE TABLE public.finance_settlement (
    id bigint NOT NULL,
    amount numeric(12,2) NOT NULL,
    period_start date NOT NULL,
    period_end date NOT NULL,
    status character varying(20) NOT NULL,
    reference character varying(100) NOT NULL,
    note text NOT NULL,
    created_at timestamp with time zone NOT NULL,
    updated_at timestamp with time zone NOT NULL,
    created_by_id bigint,
    property_id bigint NOT NULL,
    proof character varying(100)
);


ALTER TABLE public.finance_settlement OWNER TO postgres;

--
-- Name: finance_settlement_id_seq; Type: SEQUENCE; Schema: public; Owner: postgres
--

ALTER TABLE public.finance_settlement ALTER COLUMN id ADD GENERATED BY DEFAULT AS IDENTITY (
    SEQUENCE NAME public.finance_settlement_id_seq
    START WITH 1
    INCREMENT BY 1
    NO MINVALUE
    NO MAXVALUE
    CACHE 1
);


--
-- Name: finance_wallet; Type: TABLE; Schema: public; Owner: postgres
--

CREATE TABLE public.finance_wallet (
    id bigint NOT NULL,
    balance numeric(12,2) NOT NULL,
    last_updated timestamp with time zone NOT NULL,
    property_id bigint NOT NULL
);


ALTER TABLE public.finance_wallet OWNER TO postgres;

--
-- Name: finance_wallet_id_seq; Type: SEQUENCE; Schema: public; Owner: postgres
--

ALTER TABLE public.finance_wallet ALTER COLUMN id ADD GENERATED BY DEFAULT AS IDENTITY (
    SEQUENCE NAME public.finance_wallet_id_seq
    START WITH 1
    INCREMENT BY 1
    NO MINVALUE
    NO MAXVALUE
    CACHE 1
);


--
-- Name: messaging_message; Type: TABLE; Schema: public; Owner: postgres
--

CREATE TABLE public.messaging_message (
    id bigint NOT NULL,
    content text NOT NULL,
    attachment character varying(100),
    created_at timestamp with time zone NOT NULL,
    author_id bigint NOT NULL,
    ticket_id bigint NOT NULL,
    is_internal boolean NOT NULL
);


ALTER TABLE public.messaging_message OWNER TO postgres;

--
-- Name: messaging_message_id_seq; Type: SEQUENCE; Schema: public; Owner: postgres
--

ALTER TABLE public.messaging_message ALTER COLUMN id ADD GENERATED BY DEFAULT AS IDENTITY (
    SEQUENCE NAME public.messaging_message_id_seq
    START WITH 1
    INCREMENT BY 1
    NO MINVALUE
    NO MAXVALUE
    CACHE 1
);


--
-- Name: messaging_notification; Type: TABLE; Schema: public; Owner: postgres
--

CREATE TABLE public.messaging_notification (
    id bigint NOT NULL,
    title character varying(255) NOT NULL,
    message text NOT NULL,
    link character varying(255) NOT NULL,
    is_read boolean NOT NULL,
    created_at timestamp with time zone NOT NULL,
    user_id bigint NOT NULL
);


ALTER TABLE public.messaging_notification OWNER TO postgres;

--
-- Name: messaging_notification_id_seq; Type: SEQUENCE; Schema: public; Owner: postgres
--

ALTER TABLE public.messaging_notification ALTER COLUMN id ADD GENERATED BY DEFAULT AS IDENTITY (
    SEQUENCE NAME public.messaging_notification_id_seq
    START WITH 1
    INCREMENT BY 1
    NO MINVALUE
    NO MAXVALUE
    CACHE 1
);


--
-- Name: messaging_ticket; Type: TABLE; Schema: public; Owner: postgres
--

CREATE TABLE public.messaging_ticket (
    id bigint NOT NULL,
    subject character varying(255) NOT NULL,
    status character varying(20) NOT NULL,
    priority character varying(20) NOT NULL,
    created_at timestamp with time zone NOT NULL,
    updated_at timestamp with time zone NOT NULL,
    created_by_id bigint NOT NULL,
    property_id bigint,
    attachment character varying(100),
    description text NOT NULL
);


ALTER TABLE public.messaging_ticket OWNER TO postgres;

--
-- Name: messaging_ticket_id_seq; Type: SEQUENCE; Schema: public; Owner: postgres
--

ALTER TABLE public.messaging_ticket ALTER COLUMN id ADD GENERATED BY DEFAULT AS IDENTITY (
    SEQUENCE NAME public.messaging_ticket_id_seq
    START WITH 1
    INCREMENT BY 1
    NO MINVALUE
    NO MAXVALUE
    CACHE 1
);


--
-- Name: properties_project; Type: TABLE; Schema: public; Owner: postgres
--

CREATE TABLE public.properties_project (
    id bigint NOT NULL,
    name character varying(255) NOT NULL,
    description text NOT NULL,
    status character varying(20) NOT NULL,
    start_date date,
    estimated_end_date date,
    budget numeric(12,2),
    created_at timestamp with time zone NOT NULL,
    updated_at timestamp with time zone NOT NULL,
    property_id bigint NOT NULL,
    category character varying(20) NOT NULL
);


ALTER TABLE public.properties_project OWNER TO postgres;

--
-- Name: properties_project_id_seq; Type: SEQUENCE; Schema: public; Owner: postgres
--

ALTER TABLE public.properties_project ALTER COLUMN id ADD GENERATED BY DEFAULT AS IDENTITY (
    SEQUENCE NAME public.properties_project_id_seq
    START WITH 1
    INCREMENT BY 1
    NO MINVALUE
    NO MAXVALUE
    CACHE 1
);


--
-- Name: properties_property; Type: TABLE; Schema: public; Owner: postgres
--

CREATE TABLE public.properties_property (
    id bigint NOT NULL,
    name character varying(255) NOT NULL,
    address text NOT NULL,
    city character varying(100) NOT NULL,
    property_type character varying(20) NOT NULL,
    surface numeric(10,2),
    status character varying(20) NOT NULL,
    description text NOT NULL,
    created_at timestamp with time zone NOT NULL,
    updated_at timestamp with time zone NOT NULL,
    owner_id bigint,
    bedroom_count integer,
    postal_code character varying(20) NOT NULL,
    room_count integer,
    category character varying(20) NOT NULL,
    transaction_nature character varying(20) NOT NULL,
    loyer_mensuel numeric(10,2),
    prix_nuitee numeric(10,2),
    prix_vente numeric(12,2),
    commission_fixe numeric(10,2),
    commission_rate numeric(5,2),
    commission_type character varying(15) NOT NULL,
    management_type character varying(20) NOT NULL,
    budget_total numeric(14,2),
    charges_mensuelles numeric(10,2),
    date_debut_travaux date,
    date_fin_prevue date,
    depot_garantie numeric(10,2),
    meuble boolean NOT NULL,
    negociable boolean NOT NULL,
    nom_entrepreneur character varying(255) NOT NULL,
    date_acquisition date,
    prix_acquisition numeric(12,2),
    frais_acquisition_annexes numeric(12,2),
    devise_origine character varying(5) NOT NULL,
    is_verified_fonciere boolean NOT NULL,
    pending_decision boolean NOT NULL
);


ALTER TABLE public.properties_property OWNER TO postgres;

--
-- Name: properties_property_id_seq; Type: SEQUENCE; Schema: public; Owner: postgres
--

ALTER TABLE public.properties_property ALTER COLUMN id ADD GENERATED BY DEFAULT AS IDENTITY (
    SEQUENCE NAME public.properties_property_id_seq
    START WITH 1
    INCREMENT BY 1
    NO MINVALUE
    NO MAXVALUE
    CACHE 1
);


--
-- Name: properties_propertyimage; Type: TABLE; Schema: public; Owner: postgres
--

CREATE TABLE public.properties_propertyimage (
    id bigint NOT NULL,
    image character varying(100) NOT NULL,
    is_main boolean NOT NULL,
    created_at timestamp with time zone NOT NULL,
    property_id bigint NOT NULL
);


ALTER TABLE public.properties_propertyimage OWNER TO postgres;

--
-- Name: properties_propertyimage_id_seq; Type: SEQUENCE; Schema: public; Owner: postgres
--

ALTER TABLE public.properties_propertyimage ALTER COLUMN id ADD GENERATED BY DEFAULT AS IDENTITY (
    SEQUENCE NAME public.properties_propertyimage_id_seq
    START WITH 1
    INCREMENT BY 1
    NO MINVALUE
    NO MAXVALUE
    CACHE 1
);


--
-- Name: properties_transaction; Type: TABLE; Schema: public; Owner: postgres
--

CREATE TABLE public.properties_transaction (
    id bigint NOT NULL,
    asking_price numeric(12,2),
    final_price numeric(12,2),
    status character varying(20) NOT NULL,
    notes text NOT NULL,
    created_at timestamp with time zone NOT NULL,
    updated_at timestamp with time zone NOT NULL,
    buyer_tenant_id bigint,
    property_id bigint NOT NULL
);


ALTER TABLE public.properties_transaction OWNER TO postgres;

--
-- Name: properties_transaction_id_seq; Type: SEQUENCE; Schema: public; Owner: postgres
--

ALTER TABLE public.properties_transaction ALTER COLUMN id ADD GENERATED BY DEFAULT AS IDENTITY (
    SEQUENCE NAME public.properties_transaction_id_seq
    START WITH 1
    INCREMENT BY 1
    NO MINVALUE
    NO MAXVALUE
    CACHE 1
);


--
-- Data for Name: accounts_user; Type: TABLE DATA; Schema: public; Owner: postgres
--

COPY public.accounts_user (id, password, last_login, is_superuser, username, first_name, last_name, is_staff, is_active, date_joined, email, phone, role, created_at, updated_at, created_by_id) FROM stdin;
1	pbkdf2_sha256$870000$GbOGJnJOTn5q4xUwDPEyy2$Jii13ZGmKEqxkytwP+YbA8DpU8mQyu4ZkSpxvpscr/U=	2026-02-12 15:45:34.342949+01	t	admin	Admin	MaDis	t	t	2026-02-12 13:31:53.825644+01	admin@madis.fr		ADMIN_MADIS	2026-02-12 13:31:54.536081+01	2026-02-12 13:31:54.536089+01	\N
3	pbkdf2_sha256$870000$6ABMJzqlYBKW6oouYCiFIP$Tc84QXTakZGzmLy/c64mXa/HW4xey7FF20GKfEkViWw=	\N	f	admin@madis.com	Admin	MaDis	f	t	2026-02-12 16:13:52.800543+01	admin@madis.com		ADMIN_MADIS	2026-02-12 16:13:53.50681+01	2026-02-12 16:13:53.506818+01	\N
4	pbkdf2_sha256$870000$sypZCNJuqEfGQNedzd9AvS$zUsESqEpr8gRdoFVU3/YqDn4JaWPNkCE4fq7Ld5S4C0=	\N	f	tech@tech.com	Tech	Client	f	t	2026-02-12 16:13:53.511624+01	tech@tech.com		CLIENT	2026-02-12 16:13:54.237256+01	2026-02-12 16:13:54.237262+01	\N
5	pbkdf2_sha256$870000$SGzm3c7NgPPZxB2IvXO7Fs$Yp8rs2v4PuNuNigxsZwIRIuMtufSNu8fx1xNCKI6als=	\N	f	harissonefares4@gmail.com	Harissone	FARES	f	t	2026-02-14 20:23:59.90667+01	harissonefares4@gmail.com		CLIENT	2026-02-14 20:24:01.112111+01	2026-02-14 20:24:01.112122+01	3
13	pbkdf2_sha256$870000$07IENV7usdo4SdysFhosoP$oSTyI1gGRSnMuq/sDWIvelkEqdzppH9Ah/0SsD3ipQ0=	\N	f	preciousafanyu8@gmail.com	Precious	Afanyu	f	t	2026-02-16 08:32:35.801766+01	preciousafanyu8@gmail.com		CLIENT	2026-02-16 08:32:36.972883+01	2026-02-16 08:32:36.972897+01	3
14	pbkdf2_sha256$870000$BAfFnTUdlCLJwtowWjXa87$lvLKfABSMBKavPKKt/y/n6cd0DMxbgERbpxCLMSLHgM=	\N	f	ivanmpondo9@gmail.com	Ivan	Mpondo	f	t	2026-02-16 09:03:10.766745+01	ivanmpondo9@gmail.com		CLIENT	2026-02-16 09:03:11.871321+01	2026-02-16 09:03:11.871332+01	3
16	pbkdf2_sha256$870000$MWXXPirXGKBokMt6fDre8g$xPvCvhxjnialqubCtJRNqqB1GJ4qLaEjVLhAVWSZnjo=	\N	f	supportit@bytes-corp.com	Support	Bytes	f	t	2026-02-18 13:49:35.785665+01	supportit@bytes-corp.com		ADMIN_MADIS	2026-02-18 13:49:36.785376+01	2026-02-18 13:49:36.785384+01	\N
18	pbkdf2_sha256$870000$qWUQiQDqpKFEOGELiAzirk$g8PBA3Fs5ULUBSXAZG2nMUEWJ0x+B74shsg6FW3nMTs=	\N	f	fodjoarmal@gmail.com	Fodjo	Admin	f	t	2026-02-18 14:20:52.21142+01	fodjoarmal@gmail.com		ADMIN_MADIS	2026-02-18 14:20:53.330648+01	2026-02-18 14:20:53.330666+01	\N
2	pbkdf2_sha256$870000$1gkpqZ5htVrSiHtiVVQlri$3QZBtaTY9Tq9BP7VAZ7FxhE6zOqJzILfBjsglhCWLAs=	\N	f	osg@test.fr	Olivier	Travis	f	t	2026-02-12 14:04:52.208491+01	dbg@test.fr		CHEF_CHANTIER	2026-02-12 14:04:52.957097+01	2026-02-22 15:09:35.548941+01	\N
\.


--
-- Data for Name: accounts_user_groups; Type: TABLE DATA; Schema: public; Owner: postgres
--

COPY public.accounts_user_groups (id, user_id, group_id) FROM stdin;
\.


--
-- Data for Name: accounts_user_user_permissions; Type: TABLE DATA; Schema: public; Owner: postgres
--

COPY public.accounts_user_user_permissions (id, user_id, permission_id) FROM stdin;
\.


--
-- Data for Name: auth_group; Type: TABLE DATA; Schema: public; Owner: postgres
--

COPY public.auth_group (id, name) FROM stdin;
\.


--
-- Data for Name: auth_group_permissions; Type: TABLE DATA; Schema: public; Owner: postgres
--

COPY public.auth_group_permissions (id, group_id, permission_id) FROM stdin;
\.


--
-- Data for Name: auth_permission; Type: TABLE DATA; Schema: public; Owner: postgres
--

COPY public.auth_permission (id, name, content_type_id, codename) FROM stdin;
1	Can add log entry	1	add_logentry
2	Can change log entry	1	change_logentry
3	Can delete log entry	1	delete_logentry
4	Can view log entry	1	view_logentry
5	Can add permission	2	add_permission
6	Can change permission	2	change_permission
7	Can delete permission	2	delete_permission
8	Can view permission	2	view_permission
9	Can add group	3	add_group
10	Can change group	3	change_group
11	Can delete group	3	delete_group
12	Can view group	3	view_group
13	Can add content type	4	add_contenttype
14	Can change content type	4	change_contenttype
15	Can delete content type	4	delete_contenttype
16	Can view content type	4	view_contenttype
17	Can add session	5	add_session
18	Can change session	5	change_session
19	Can delete session	5	delete_session
20	Can view session	5	view_session
21	Can add Token	6	add_token
22	Can change Token	6	change_token
23	Can delete Token	6	delete_token
24	Can view Token	6	view_token
25	Can add Token	7	add_tokenproxy
26	Can change Token	7	change_tokenproxy
27	Can delete Token	7	delete_tokenproxy
28	Can view Token	7	view_tokenproxy
29	Can add Utilisateur	8	add_user
30	Can change Utilisateur	8	change_user
31	Can delete Utilisateur	8	delete_user
32	Can view Utilisateur	8	view_user
33	Can add Bien immobilier	9	add_property
34	Can change Bien immobilier	9	change_property
35	Can delete Bien immobilier	9	delete_property
36	Can view Bien immobilier	9	view_property
37	Can add Projet	10	add_project
38	Can change Projet	10	change_project
39	Can delete Projet	10	delete_project
40	Can view Projet	10	view_project
41	Can add Document	11	add_document
42	Can change Document	11	change_document
43	Can delete Document	11	delete_document
44	Can view Document	11	view_document
45	Can add Ticket	12	add_ticket
46	Can change Ticket	12	change_ticket
47	Can delete Ticket	12	delete_ticket
48	Can view Ticket	12	view_ticket
49	Can add Message	13	add_message
50	Can change Message	13	change_message
51	Can delete Message	13	delete_message
52	Can view Message	13	view_message
53	Can add Chantier	14	add_constructionsite
54	Can change Chantier	14	change_constructionsite
55	Can delete Chantier	14	delete_constructionsite
56	Can view Chantier	14	view_constructionsite
57	Can add Entrée de journal	15	add_journalentry
58	Can change Entrée de journal	15	change_journalentry
59	Can delete Entrée de journal	15	delete_journalentry
60	Can view Entrée de journal	15	view_journalentry
61	Can add Mise à jour de progression	16	add_progressupdate
62	Can change Mise à jour de progression	16	change_progressupdate
63	Can delete Mise à jour de progression	16	delete_progressupdate
64	Can view Mise à jour de progression	16	view_progressupdate
65	Can add Photo de chantier	17	add_sitephoto
66	Can change Photo de chantier	17	change_sitephoto
67	Can delete Photo de chantier	17	delete_sitephoto
68	Can view Photo de chantier	17	view_sitephoto
69	Can add Image du bien	18	add_propertyimage
70	Can change Image du bien	18	change_propertyimage
71	Can delete Image du bien	18	delete_propertyimage
72	Can view Image du bien	18	view_propertyimage
73	Can add Jalon	19	add_milestone
74	Can change Jalon	19	change_milestone
75	Can delete Jalon	19	delete_milestone
76	Can view Jalon	19	view_milestone
77	Can add Notification	20	add_notification
78	Can change Notification	20	change_notification
79	Can delete Notification	20	delete_notification
80	Can view Notification	20	view_notification
81	Can add transaction	21	add_transaction
82	Can change transaction	21	change_transaction
83	Can delete transaction	21	delete_transaction
84	Can view transaction	21	view_transaction
85	Can add Transaction Financière	22	add_financialtransaction
86	Can change Transaction Financière	22	change_financialtransaction
87	Can delete Transaction Financière	22	delete_financialtransaction
88	Can view Transaction Financière	22	view_financialtransaction
89	Can add Appel de Fonds	23	add_cashcall
90	Can change Appel de Fonds	23	change_cashcall
91	Can delete Appel de Fonds	23	delete_cashcall
92	Can view Appel de Fonds	23	view_cashcall
93	Can add Reversement	24	add_settlement
94	Can change Reversement	24	change_settlement
95	Can delete Reversement	24	delete_settlement
96	Can view Reversement	24	view_settlement
97	Can add wallet	25	add_wallet
98	Can change wallet	25	change_wallet
99	Can delete wallet	25	delete_wallet
100	Can view wallet	25	view_wallet
\.


--
-- Data for Name: authtoken_token; Type: TABLE DATA; Schema: public; Owner: postgres
--

COPY public.authtoken_token (key, created, user_id) FROM stdin;
ba3e6bd542c28a1dd68d24787bbf82975ace53f5	2026-02-12 13:39:28.179806+01	1
53ac34cca2757256e62948625c4d312161ced1c2	2026-02-12 16:19:24.333723+01	3
fa22412ccfd15015a76ff6b77916e776726e7351	2026-02-12 16:26:58.028191+01	4
d62532755df8788dda74b1b46eb1f5fe491a9745	2026-02-14 20:34:40.116429+01	5
65e8bfb9077b2fa0233ecd48b5ea9e4748a7e151	2026-02-16 08:32:45.232103+01	13
a25f74dd6f87304ec220b189de88407877f68c35	2026-02-16 09:09:51.28856+01	14
3e6231cf8fc6abcb0e3c41847218f60e5b4ced1c	2026-02-18 14:52:36.428563+01	16
c2f3b63178a69f6575c99a7795a1ce8c40f5f2ec	2026-02-18 14:53:48.477751+01	18
ac18942358268c79d17a6165fa1420473fd0651b	2026-02-22 15:09:42.290608+01	2
\.


--
-- Data for Name: construction_constructionsite; Type: TABLE DATA; Schema: public; Owner: postgres
--

COPY public.construction_constructionsite (id, name, address, status, progress_percentage, start_date, end_date, created_at, updated_at, project_id, city, description, postal_code, budget, chef_de_chantier_id) FROM stdin;
15	Residence rue des fleurs	Yaounde, Cameroun	PREPARATION	0	2026-02-17	2026-02-28	2026-02-17 18:06:06.86391+01	2026-02-17 18:06:06.863924+01	11	Yaounde	test	BP: 432 Douala	10000000.00	\N
16	Renovation facade sud	Douala, Cameroun	SUSPENDU	0	2026-02-19	2026-02-21	2026-02-19 19:42:55.755466+01	2026-02-22 15:06:31.566147+01	6	Douala	Details techniques	BP: 432 Douala	5000.00	2
14	Chantier: Bytes	Yaounde, Cameroun	EN_COURS	0	2026-02-17	2026-12-27	2026-02-17 18:01:22.788075+01	2026-02-22 18:33:23.477561+01	10	Yaounde	test		5000000.00	2
11	Peinture au mur	Douala, Cameroun	EN_COURS	50	2026-02-17	2026-02-18	2026-02-16 20:03:37.59493+01	2026-02-16 20:17:44.60066+01	5	Douala	test	BP: 234 Douala	456000.00	\N
10	test	Douala, Cameroun	EN_COURS	0	2026-02-18	2026-02-25	2026-02-16 18:15:38.591245+01	2026-02-21 21:35:30.555541+01	7	Douala	test	BP: 432 Douala	5000.00	2
9	Renovation fondation	Douala, Cameroun	EN_COURS	66	2026-03-05	2026-03-07	2026-02-16 09:22:00.303644+01	2026-02-21 21:35:30.560856+01	5	Douala	- Ajouter plus de terre dans la fondation\n- Changer le gravier qui est mauvaise qualite\n- Ameliorer les battants\n- Ajout des lumineux	BP: 950 Douala	200000.00	2
\.


--
-- Data for Name: construction_journalentry; Type: TABLE DATA; Schema: public; Owner: postgres
--

COPY public.construction_journalentry (id, date, content, weather, workers_count, created_at, author_id, site_id) FROM stdin;
1	2026-02-16	17 boix recus\nLa dalle et a ete couler\nMais albert s'est blesser	ENSOLEILLE	7	2026-02-16 13:39:49.820226+01	3	9
3	2026-02-16	test	ENSOLEILLE	1	2026-02-16 18:17:02.327141+01	3	10
4	2026-02-18	test	VENT	80	2026-02-16 20:50:54.749693+01	3	9
2	2026-02-17	Un blesser	NUAGEUX	7	2026-02-16 13:42:52.627935+01	2	9
5	2026-02-17	test	ENSOLEILLE	20	2026-02-17 18:06:31.31003+01	3	15
6	2026-02-17	test	NEIGE	14	2026-02-17 18:24:56.911954+01	3	14
\.


--
-- Data for Name: construction_milestone; Type: TABLE DATA; Schema: public; Owner: postgres
--

COPY public.construction_milestone (id, description, completed, "order", created_at, updated_at, site_id, end_date, start_date, responsible) FROM stdin;
9	- Ajouter plus de terre dans la fondation	t	0	2026-02-16 09:22:42.740964+01	2026-02-16 09:25:21.840649+01	9	2026-03-05	2026-03-05	Precious
10	- Changer le gravier qui est mauvaise qualite	t	1	2026-02-16 09:23:11.884011+01	2026-02-16 09:25:26.073818+01	9	2026-03-06	2026-03-06	Ivan Mpondo
14	Bois	f	1	2026-02-16 20:17:17.102608+01	2026-02-16 20:17:17.102618+01	11	2026-02-26	2026-02-18	Martin
13	test	t	0	2026-02-16 20:17:01.35407+01	2026-02-16 20:17:18.388711+01	11	2026-02-25	2026-02-17	test
11	- Ameliorer les battants	f	2	2026-02-16 09:23:34.92873+01	2026-02-17 13:39:37.35762+01	9	2026-03-07	2026-03-07	Frank Sone
12	test	f	0	2026-02-16 18:16:35.28932+01	2026-02-19 19:13:16.000015+01	10	2026-02-18	2026-02-17	Martin
15	Test	f	0	2026-02-17 18:25:32.013759+01	2026-02-22 18:33:23.45917+01	14	2026-02-19	2026-02-17	Martin
\.


--
-- Data for Name: construction_progressupdate; Type: TABLE DATA; Schema: public; Owner: postgres
--

COPY public.construction_progressupdate (id, phase, percentage, notes, updated_at, site_id, updated_by_id) FROM stdin;
\.


--
-- Data for Name: construction_sitephoto; Type: TABLE DATA; Schema: public; Owner: postgres
--

COPY public.construction_sitephoto (id, image, caption, taken_at, created_at, journal_entry_id, site_id, uploaded_by_id) FROM stdin;
1	construction/photos/2026/02/nicolas-j-leclercq-WJg2bynUWOk-unsplash.jpg		2026-02-16 13:39:49.848+01	2026-02-16 13:39:50.242598+01	1	9	3
2	construction/photos/2026/02/peter-burdon-SdUQYsbMetI-unsplash.jpg		2026-02-16 13:42:52.644+01	2026-02-16 13:42:52.772195+01	2	9	2
3	construction/photos/2026/02/WhatsApp_Image_2026-02-03_at_09.16.48.jpeg		2026-02-16 18:17:02.334+01	2026-02-16 18:17:02.61806+01	3	10	3
4	construction/photos/2026/02/juli-kosolapova-Us_dv71f1bc-unsplash.jpg		2026-02-16 20:50:54.809+01	2026-02-16 20:50:57.524727+01	4	9	3
5	construction/photos/2026/02/nicolas-j-leclercq-WJg2bynUWOk-unsplash_v95eRHm.jpg		2026-02-17 18:06:31.435+01	2026-02-17 18:06:31.555834+01	5	15	3
6	construction/photos/2026/02/weichao-deng-uDcGzn_vcX0-unsplash.jpg		2026-02-17 18:24:57.498+01	2026-02-17 18:24:57.702687+01	6	14	3
7	construction/photos/2026/02/portrait-young-person-with-thought-bubble.jpg		2026-02-17 18:25:09.637+01	2026-02-17 18:25:09.8925+01	6	14	3
\.


--
-- Data for Name: django_admin_log; Type: TABLE DATA; Schema: public; Owner: postgres
--

COPY public.django_admin_log (id, action_time, object_id, object_repr, action_flag, change_message, content_type_id, user_id) FROM stdin;
\.


--
-- Data for Name: django_content_type; Type: TABLE DATA; Schema: public; Owner: postgres
--

COPY public.django_content_type (id, app_label, model) FROM stdin;
1	admin	logentry
2	auth	permission
3	auth	group
4	contenttypes	contenttype
5	sessions	session
6	authtoken	token
7	authtoken	tokenproxy
8	accounts	user
9	properties	property
10	properties	project
11	documents	document
12	messaging	ticket
13	messaging	message
14	construction	constructionsite
15	construction	journalentry
16	construction	progressupdate
17	construction	sitephoto
18	properties	propertyimage
19	construction	milestone
20	messaging	notification
21	properties	transaction
22	finance	financialtransaction
23	finance	cashcall
24	finance	settlement
25	finance	wallet
\.


--
-- Data for Name: django_migrations; Type: TABLE DATA; Schema: public; Owner: postgres
--

COPY public.django_migrations (id, app, name, applied) FROM stdin;
1	contenttypes	0001_initial	2026-02-12 13:31:32.322582+01
2	contenttypes	0002_remove_content_type_name	2026-02-12 13:31:32.329853+01
3	auth	0001_initial	2026-02-12 13:31:32.364547+01
4	auth	0002_alter_permission_name_max_length	2026-02-12 13:31:32.369089+01
5	auth	0003_alter_user_email_max_length	2026-02-12 13:31:32.372686+01
6	auth	0004_alter_user_username_opts	2026-02-12 13:31:32.376574+01
7	auth	0005_alter_user_last_login_null	2026-02-12 13:31:32.380709+01
8	auth	0006_require_contenttypes_0002	2026-02-12 13:31:32.381661+01
9	auth	0007_alter_validators_add_error_messages	2026-02-12 13:31:32.385502+01
10	auth	0008_alter_user_username_max_length	2026-02-12 13:31:32.389694+01
11	auth	0009_alter_user_last_name_max_length	2026-02-12 13:31:32.396068+01
12	auth	0010_alter_group_name_max_length	2026-02-12 13:31:32.401939+01
13	auth	0011_update_proxy_permissions	2026-02-12 13:31:32.405679+01
14	auth	0012_alter_user_first_name_max_length	2026-02-12 13:31:32.410289+01
15	accounts	0001_initial	2026-02-12 13:31:32.453497+01
16	admin	0001_initial	2026-02-12 13:31:32.473604+01
17	admin	0002_logentry_remove_auto_add	2026-02-12 13:31:32.48037+01
18	admin	0003_logentry_add_action_flag_choices	2026-02-12 13:31:32.486361+01
19	authtoken	0001_initial	2026-02-12 13:31:32.499737+01
20	authtoken	0002_auto_20160226_1747	2026-02-12 13:31:32.522615+01
21	authtoken	0003_tokenproxy	2026-02-12 13:31:32.524379+01
22	authtoken	0004_alter_tokenproxy_options	2026-02-12 13:31:32.528441+01
23	properties	0001_initial	2026-02-12 13:31:32.560982+01
24	construction	0001_initial	2026-02-12 13:31:32.644879+01
25	documents	0001_initial	2026-02-12 13:31:32.67127+01
26	messaging	0001_initial	2026-02-12 13:31:32.718141+01
27	sessions	0001_initial	2026-02-12 13:31:32.727249+01
28	properties	0002_remove_property_country_property_bedroom_count_and_more	2026-02-14 13:13:28.36232+01
29	construction	0002_constructionsite_city_constructionsite_description_and_more	2026-02-14 14:16:01.897057+01
30	construction	0003_constructionsite_budget	2026-02-14 14:17:32.070302+01
31	construction	0004_milestone	2026-02-14 14:27:30.155766+01
32	construction	0005_constructionsite_chef_de_chantier_and_more	2026-02-14 14:42:35.336905+01
33	messaging	0002_notification	2026-02-14 14:42:35.371403+01
34	construction	0006_remove_milestone_assigned_to_milestone_responsible	2026-02-14 15:00:31.677646+01
35	properties	0003_property_category_property_transaction_nature_and_more	2026-02-14 15:42:58.556582+01
36	properties	0004_alter_property_owner_transaction	2026-02-14 15:57:33.301123+01
37	properties	0005_property_loyer_mensuel_property_prix_nuitee_and_more	2026-02-14 16:41:42.799892+01
38	properties	0006_property_commission_fixe_property_commission_rate_and_more	2026-02-14 17:27:52.792585+01
39	properties	0007_property_budget_total_property_charges_mensuelles_and_more	2026-02-14 17:54:55.77075+01
40	finance	0001_initial	2026-02-14 20:59:41.859878+01
41	properties	0008_property_date_acquisition	2026-02-14 22:20:04.38297+01
42	properties	0009_property_prix_acquisition	2026-02-14 22:51:32.553135+01
43	finance	0002_financialtransaction_period_month_and_more	2026-02-14 23:21:19.898855+01
44	finance	0003_financialtransaction_parent_transaction_and_more	2026-02-15 00:39:15.668494+01
45	properties	0010_remove_property_frais_notaire_inclus_and_more	2026-02-15 01:31:33.041992+01
46	properties	0011_property_devise_origine_and_more	2026-02-15 02:11:29.069314+01
47	finance	0004_alter_financialtransaction_category_cashcall_and_more	2026-02-15 07:41:35.673836+01
48	properties	0012_alter_project_status_alter_property_status	2026-02-15 09:01:10.019589+01
49	properties	0013_property_pending_decision_alter_property_status	2026-02-15 15:45:26.987747+01
50	finance	0005_financialtransaction_owner	2026-02-15 15:55:10.496445+01
51	construction	0007_alter_constructionsite_status	2026-02-16 13:47:36.995109+01
52	documents	0002_document_site_alter_document_category	2026-02-16 13:47:37.32737+01
53	finance	0006_financialtransaction_site	2026-02-16 13:47:37.432397+01
54	finance	0007_alter_financialtransaction_category	2026-02-16 14:28:26.032828+01
55	properties	0014_project_category	2026-02-16 18:12:31.982005+01
56	finance	0008_financialtransaction_project	2026-02-16 20:11:49.122298+01
57	properties	0015_alter_property_devise_origine	2026-02-16 22:37:12.32975+01
58	properties	0016_property_country	2026-02-16 22:46:53.215081+01
59	properties	0017_remove_property_country	2026-02-16 22:52:36.574222+01
60	messaging	0003_ticket_attachment_ticket_description	2026-02-18 12:35:14.725299+01
61	messaging	0004_message_is_internal	2026-02-18 12:57:20.292916+01
62	finance	0009_cashcall_proof_settlement_proof_and_more	2026-02-18 21:16:59.534673+01
63	finance	0010_alter_cashcall_status	2026-02-18 22:20:54.050985+01
\.


--
-- Data for Name: django_session; Type: TABLE DATA; Schema: public; Owner: postgres
--

COPY public.django_session (session_key, session_data, expire_date) FROM stdin;
wi8g4yy8ffv5asj4yq5ketmvvc5ozxnq	.eJxVjDsOwjAQBe_iGlnx-k9Jzxmi3fWGBFAsxUmFuDtESgHtm5n3Uj1u69hvTZZ-KuqsjDr9boT8kHkH5Y7zrWqu87pMpHdFH7Tpay3yvBzu38GIbfzWQQrkjBbZZS_edD6mrotshkDJW2KwjqIrLJhDkICQiLIhYAsOBlDvD9e9N50:1vqW2F:8KdCq5w1nhf4CND9pAtoVYQ4ZmNLJ40sY7VR2kwTy8o	2026-02-26 13:43:07.805414+01
o7j7g95uuupe3o1mwlykf8hctrxf23rb	.eJxVjDsOwjAQBe_iGlnx-k9Jzxmi3fWGBFAsxUmFuDtESgHtm5n3Uj1u69hvTZZ-KuqsjDr9boT8kHkH5Y7zrWqu87pMpHdFH7Tpay3yvBzu38GIbfzWQQrkjBbZZS_edD6mrotshkDJW2KwjqIrLJhDkICQiLIhYAsOBlDvD9e9N50:1vqXwk:ive5ujlYY9DXe5AVQOXFFepeFd_-0mgkkmx4TSPubXQ	2026-02-26 15:45:34.34937+01
\.


--
-- Data for Name: documents_document; Type: TABLE DATA; Schema: public; Owner: postgres
--

COPY public.documents_document (id, title, file, category, description, uploaded_at, project_id, property_id, uploaded_by_id, site_id) FROM stdin;
3	Contrat de titre foncier Immeuble Precious	documents/2026/02/Apprenant_Power_BI_du_01_au_05.09.25.pdf	VERIF_FONCIERE		2026-02-16 08:40:41.664934+01	\N	31	3	\N
6	Contrat	documents/2026/02/Apprenant_Power_BI_du_01_au_05_2hsYJQB.09.25.pdf	CONTRAT		2026-02-17 18:06:50.217643+01	\N	48	3	15
8	test	documents/2026/02/mmangamba.com.csv	FACTURE		2026-02-20 10:20:17.014998+01	\N	36	3	\N
9	Documentaire	documents/2026/02/ETAT_ADRESSE_MAIL_JURISCOM.xlsx	PLAN		2026-02-20 10:20:49.028621+01	\N	47	3	\N
\.


--
-- Data for Name: finance_cashcall; Type: TABLE DATA; Schema: public; Owner: postgres
--

COPY public.finance_cashcall (id, amount, reason, description, due_date, status, created_at, updated_at, created_by_id, property_id, proof) FROM stdin;
8	5000.00	test	test	2026-02-25	PAID	2026-02-18 20:21:20.779048+01	2026-02-18 20:44:45.351377+01	3	48	\N
9	10000.00	Provision travaux		2026-02-25	PENDING	2026-02-18 21:38:21.418984+01	2026-02-18 22:24:08.092373+01	3	48	finance/cash_calls/proofs/Apprenant_Power_BI_du_01_au_05_xUHY4kS.09.25.pdf
7	5000.00	Provision travaux	test	2026-02-24	PAID	2026-02-17 20:14:15.724853+01	2026-02-18 22:31:56.592838+01	3	48	finance/cash_calls/proofs/Apprenants_Excel_du_20_au_22.08.2025.pdf
\.


--
-- Data for Name: finance_financialtransaction; Type: TABLE DATA; Schema: public; Owner: postgres
--

COPY public.finance_financialtransaction (id, type, category, amount, date, description, invoice, created_at, updated_at, created_by_id, property_id, period_month, period_year, parent_transaction_id, cash_call_id, settlement_id, owner_id, site_id, project_id) FROM stdin;
50	INFLOW	PROMOTION_SALE	8590000.00	2026-02-15	Vente du bien Maison Bali à Harissone FARES		2026-02-15 16:10:52.386201+01	2026-02-15 16:10:52.386208+01	\N	28	\N	\N	\N	\N	\N	4	\N	\N
51	OUTFLOW	COMMISSION	1718000.00	2026-02-15	Commission MaDis pour la vente de Maison Bali		2026-02-15 16:10:52.391433+01	2026-02-15 16:10:52.391447+01	\N	28	\N	\N	50	\N	\N	4	\N	\N
52	OUTFLOW	PROMOTION_SALE	8590000.00	2026-02-15	Acquisition du bien Maison Bali		2026-02-15 16:10:52.397719+01	2026-02-15 16:10:52.39773+01	\N	28	\N	\N	\N	\N	\N	5	\N	\N
53	INFLOW	PROMOTION_SALE	32500000.00	2026-02-16	Vente du bien Immeuble Afanyu à Tech Client		2026-02-16 08:54:22.184151+01	2026-02-16 08:54:22.184162+01	\N	31	\N	\N	\N	\N	\N	13	\N	\N
54	OUTFLOW	COMMISSION	6500000.00	2026-02-16	Commission MaDis pour la vente de Immeuble Afanyu		2026-02-16 08:54:22.203471+01	2026-02-16 08:54:22.203487+01	\N	31	\N	\N	53	\N	\N	13	\N	\N
55	OUTFLOW	PROMOTION_SALE	32500000.00	2026-02-16	Acquisition du bien Immeuble Afanyu		2026-02-16 08:54:22.210539+01	2026-02-16 08:54:22.210553+01	\N	31	\N	\N	\N	\N	\N	4	\N	\N
56	OUTFLOW	MATERIAUX	200.00	2026-02-16	Achat du bois chez Ferdinand	finance/invoices/2026/02/CHAPITRE_1_MES_PREMIERS_PAS_SUR_WORD.pdf	2026-02-16 15:36:59.402168+01	2026-02-16 15:36:59.402237+01	3	32	1	2026	\N	\N	\N	14	9	\N
57	OUTFLOW	SERVICES	50000.00	2026-02-11	Livreur de carreaux payer	finance/invoices/2026/02/Fiche_de_presence_Network_troubleshooting.pdf	2026-02-16 15:37:46.224936+01	2026-02-16 15:37:46.224979+01	3	32	1	2026	\N	\N	\N	14	9	\N
58	OUTFLOW	MATERIAUX	500.00	2026-02-28	test	finance/invoices/2026/02/Apprenants_Excel_du_20_au_22_AcKIjOX.08.2025.pdf	2026-02-16 18:16:16.094092+01	2026-02-16 18:16:16.094146+01	3	36	5	2026	\N	\N	\N	14	10	\N
59	OUTFLOW	MATERIAUX	256000.00	2026-07-16	test	finance/invoices/2026/02/Apprenants_Excel_du_20_au_22_yeAzQSI.08.2025.pdf	2026-02-16 20:14:45.497385+01	2026-02-16 20:15:57.633258+01	3	32	3	2026	\N	\N	\N	14	11	5
60	OUTFLOW	MATERIAUX	3000.00	2026-02-17	test	finance/invoices/2026/02/Apprenant_Power_BI_du_01_au_05.09.25.pdf	2026-02-17 18:22:18.188523+01	2026-02-17 18:22:18.188601+01	3	47	2	2026	\N	\N	\N	14	14	10
61	OUTFLOW	SERVICES	10000.00	2026-02-17	test	finance/invoices/2026/02/Apprenants_Excel_du_20_au_22_Od1fcIi.08.2025.pdf	2026-02-17 18:22:49.41967+01	2026-02-17 18:22:49.419691+01	3	47	2	2026	\N	\N	\N	14	14	10
62	INFLOW	PROMOTION_SALE	50000000.00	2026-02-17	Vente du bien Immeuble Afanyu à Ivan Mpondo		2026-02-17 19:29:32.068423+01	2026-02-17 19:29:32.068448+01	\N	31	\N	\N	\N	\N	\N	4	\N	\N
63	OUTFLOW	COMMISSION	10000000.00	2026-02-17	Commission MaDis pour la vente de Immeuble Afanyu		2026-02-17 19:29:32.084818+01	2026-02-17 19:29:32.08484+01	\N	31	\N	\N	62	\N	\N	4	\N	\N
64	OUTFLOW	PROMOTION_SALE	50000000.00	2026-02-17	Acquisition du bien Immeuble Afanyu		2026-02-17 19:29:32.101604+01	2026-02-17 19:29:32.101625+01	\N	31	\N	\N	\N	\N	\N	14	\N	\N
65	INFLOW	CASH_CALL	5000.00	2026-02-18	Paiement Appel de Fonds: test		2026-02-18 20:44:45.37277+01	2026-02-18 20:44:45.372783+01	3	48	\N	\N	\N	8	\N	14	\N	\N
66	INFLOW	CASH_CALL	5000.00	2026-02-18	Paiement Appel de Fonds: Provision travaux		2026-02-18 22:31:56.633601+01	2026-02-18 22:31:56.633618+01	3	48	\N	\N	\N	7	\N	14	\N	\N
68	OUTFLOW	SERVICES	1000000.00	2026-02-21	test	finance/invoices/2026/02/Rapport_de_reunion_du_27012026_-_NFM_boGr2CC.pdf	2026-02-21 17:42:49.263828+01	2026-02-21 17:42:49.263858+01	3	47	2	2026	\N	\N	\N	14	14	10
\.


--
-- Data for Name: finance_settlement; Type: TABLE DATA; Schema: public; Owner: postgres
--

COPY public.finance_settlement (id, amount, period_start, period_end, status, reference, note, created_at, updated_at, created_by_id, property_id, proof) FROM stdin;
6	2000.00	2026-01-31	2026-02-27	PROCESSING		test	2026-02-17 20:13:42.548178+01	2026-02-17 20:13:42.548728+01	3	48	\N
\.


--
-- Data for Name: finance_wallet; Type: TABLE DATA; Schema: public; Owner: postgres
--

COPY public.finance_wallet (id, balance, last_updated, property_id) FROM stdin;
15	0.00	2026-02-18 18:13:54.909926+01	50
13	10000.00	2026-02-18 22:31:56.667711+01	48
12	-1013000.00	2026-02-21 18:20:45.443735+01	47
\.


--
-- Data for Name: messaging_message; Type: TABLE DATA; Schema: public; Owner: postgres
--

COPY public.messaging_message (id, content, attachment, created_at, author_id, ticket_id, is_internal) FROM stdin;
1	Msg 1		2026-02-12 14:04:52.970805+01	2	1	f
2	Msg 2		2026-02-12 14:04:52.973868+01	2	1	f
3	Hi		2026-02-12 16:42:31.758718+01	3	1	f
4	Nous avons bien recu votre ticket		2026-02-14 20:15:07.975271+01	3	2	f
5	Bien recus		2026-02-16 09:31:53.835541+01	3	3	f
6	On en est ou ?		2026-02-16 09:32:39.5746+01	14	3	f
7	Je veux savoir les avance		2026-02-16 09:33:09.788739+01	14	3	f
8	test		2026-02-18 12:46:45.456989+01	4	2	f
9	test		2026-02-18 14:52:47.41202+01	16	15	f
10	Merci !		2026-02-18 14:53:25.728321+01	3	15	f
11	dsfdc		2026-02-18 17:37:20.768339+01	18	1	f
12	test		2026-02-18 17:40:18.017949+01	18	16	f
13	Jaune		2026-02-18 17:43:55.049366+01	18	14	f
14	je peux vous aider		2026-02-18 17:44:39.714565+01	18	14	f
15	D'accord !		2026-02-18 17:45:55.6435+01	14	14	f
16	C'est urgent		2026-02-18 17:54:36.047001+01	14	13	f
17	test		2026-02-19 17:48:07.324205+01	3	16	f
\.


--
-- Data for Name: messaging_notification; Type: TABLE DATA; Schema: public; Owner: postgres
--

COPY public.messaging_notification (id, title, message, link, is_read, created_at, user_id) FROM stdin;
1	Jalon en retard : Jalon en retard test	Le jalon 'Jalon en retard test' du chantier 'Verify Site' est en retard (date limite : 2026-02-12).	/dashboard/construction/3/milestones	t	2026-02-14 14:48:37.487957+01	3
3	Nouvelle offre sur Residence les lilas	Jean Test a fait une offre de 200000 € sur Residence les lilas.	/dashboard/properties/6	f	2026-02-14 16:53:20.984804+01	1
5	Nouvelle offre sur Residence les lilas	Jean dupont a fait une offre de 20000 € sur Residence les lilas.	/dashboard/properties/6	f	2026-02-14 16:59:56.171973+01	1
4	Nouvelle offre sur Residence les lilas	Jean dupont a fait une offre de 20000 € sur Residence les lilas.	/dashboard/properties/6	t	2026-02-14 16:59:56.169827+01	3
7	Nouvelle offre sur Maison Bali	Tech Client a fait une offre de 6500000 € sur Maison Bali.	/dashboard/properties/28	f	2026-02-15 09:26:59.268006+01	1
6	Nouvelle offre sur Maison Bali	Tech Client a fait une offre de 6500000 € sur Maison Bali.	/dashboard/properties/28	t	2026-02-15 09:26:59.26548+01	3
8	Félicitations ! Transaction Confirmée	Le contrat pour le bien 'Maison Bali' a été signé. Vous pouvez maintenant consulter les détails dans votre espace.	/dashboard/properties/28/	t	2026-02-15 15:28:50.389432+01	4
9	Félicitations ! Transaction Confirmée	Le contrat pour le bien 'Maison Bali' a été signé. Vous pouvez maintenant consulter les détails dans votre espace.	/dashboard/properties/28/	f	2026-02-15 15:48:09.224914+01	4
10	Félicitations ! Transaction Confirmée	Le contrat pour le bien 'Test Verification Prop' a été signé. Vous pouvez maintenant consulter les détails dans votre espace.	/dashboard/properties/29/	f	2026-02-15 15:59:12.87414+01	4
13	Nouvelle offre sur Maison Bali	Harissone FARES a fait une offre de 8500000 € sur Maison Bali.	/dashboard/properties/28	f	2026-02-15 16:09:45.013018+01	1
11	Félicitations ! Transaction Confirmée	Le contrat pour le bien 'Test Verification Prop' a été signé. Vous pouvez maintenant consulter les détails dans votre espace.	/dashboard/properties/30/	t	2026-02-15 16:07:10.747091+01	4
16	Nouvelle offre sur Immeuble Afanyu	Tech Client a fait une offre de 30000000 € sur Immeuble Afanyu.	/dashboard/properties/31	f	2026-02-16 08:50:11.54959+01	1
18	Nouvelle offre sur Immeuble Afanyu	Harissone FARES a fait une offre de 20000000 € sur Immeuble Afanyu.	/dashboard/properties/31	f	2026-02-16 08:50:42.646679+01	1
2	Nouvelle offre sur Residence les lilas	Jean Test a fait une offre de 200000 € sur Residence les lilas.	/dashboard/properties/6	t	2026-02-14 16:53:20.982485+01	3
19	Félicitations ! Transaction Confirmée	Le contrat pour le bien 'Immeuble Afanyu' a été signé. Vous pouvez maintenant consulter les détails dans votre espace.	/dashboard/properties/31/	f	2026-02-16 08:54:22.216073+01	4
14	Félicitations ! Transaction Confirmée	Le contrat pour le bien 'Maison Bali' a été signé. Vous pouvez maintenant consulter les détails dans votre espace.	/dashboard/properties/28/	t	2026-02-15 16:10:52.401548+01	5
21	Nouvelle offre sur Immeuble Afanyu	Ivan Mpondo a fait une offre de 50000000 € sur Immeuble Afanyu.	/dashboard/properties/31	f	2026-02-17 19:29:02.246504+01	1
20	Nouvelle offre sur Immeuble Afanyu	Ivan Mpondo a fait une offre de 50000000 € sur Immeuble Afanyu.	/dashboard/properties/31	t	2026-02-17 19:29:02.240437+01	3
22	Félicitations ! Transaction Confirmée	Le contrat pour le bien 'Immeuble Afanyu' a été signé. Vous pouvez maintenant consulter les détails dans votre espace.	/dashboard/properties/31/	f	2026-02-17 19:29:32.110045+01	14
26	Nouveau message	L'équipe MaDis a répondu à votre ticket : Jaune	/dashboard/tickets/14	t	2026-02-18 17:43:58.323623+01	14
23	Nouveau ticket	Le client Ivan Mpondo a créé un ticket : Connexion	/dashboard/tickets/16	t	2026-02-18 17:19:29.703895+01	18
27	Nouveau message	L'équipe MaDis a répondu à votre ticket : Jaune	/dashboard/tickets/14	t	2026-02-18 17:44:43.327551+01	14
28	Message client	Le client Ivan Mpondo a répondu au ticket : Jaune	/dashboard/tickets/14	t	2026-02-18 17:45:55.661053+01	18
25	Nouveau message	L'équipe MaDis a répondu à votre ticket : Connexion	/dashboard/tickets/16	t	2026-02-18 17:40:22.529204+01	14
29	Message client	Le client Ivan Mpondo a répondu au ticket : Rouge	/dashboard/tickets/13	t	2026-02-18 17:54:36.077635+01	18
34	Paiement bien reçu	Nous avons bien reçu votre paiement de 5000.00€ pour Corp.	/dashboard/properties/48	f	2026-02-18 22:31:56.670801+01	14
30	Nouvel appel de fonds	Un appel de fonds de 10000.00€ a été émis pour Corp.	/dashboard/properties/48	t	2026-02-18 21:38:21.441655+01	14
31	Justificatif envoyé par le client	Le client a chargé un justificatif pour l'appel de fonds de 5000.00€ (Corp).	/dashboard/properties/48	f	2026-02-18 22:11:46.027114+01	18
33	Justificatif envoyé par le client	Le client a chargé un justificatif pour l'appel de fonds de 10000.00€ (Corp).	/dashboard/properties/48	f	2026-02-18 22:24:08.096107+01	18
32	Justificatif refusé / non conforme	Votre justificatif pour l'appel de fonds de 10000.00€ (Corp) a été refusé. Merci d'en transmettre un nouveau.	/dashboard/properties/48	t	2026-02-18 22:23:40.143556+01	14
12	Nouvelle offre sur Maison Bali	Harissone FARES a fait une offre de 8500000 € sur Maison Bali.	/dashboard/properties/28	t	2026-02-15 16:09:45.009804+01	3
15	Nouvelle offre sur Immeuble Afanyu	Tech Client a fait une offre de 30000000 € sur Immeuble Afanyu.	/dashboard/properties/31	t	2026-02-16 08:50:11.547028+01	3
17	Nouvelle offre sur Immeuble Afanyu	Harissone FARES a fait une offre de 20000000 € sur Immeuble Afanyu.	/dashboard/properties/31	t	2026-02-16 08:50:42.644913+01	3
24	Nouveau message	L'équipe MaDis a répondu à votre ticket : Debug ticket	/dashboard/tickets/1	t	2026-02-18 17:37:24.293029+01	2
35	Nouveau message	L'équipe MaDis a répondu à votre ticket : Connexion	/dashboard/tickets/16	t	2026-02-19 17:48:14.189282+01	14
\.


--
-- Data for Name: messaging_ticket; Type: TABLE DATA; Schema: public; Owner: postgres
--

COPY public.messaging_ticket (id, subject, status, priority, created_at, updated_at, created_by_id, property_id, attachment, description) FROM stdin;
1	Debug ticket	OPEN	MEDIUM	2026-02-12 14:04:52.967706+01	2026-02-12 14:04:52.967715+01	2	\N	\N	
4	test ticket	CLOSED	MEDIUM	2026-02-18 12:40:02.026931+01	2026-02-18 12:45:33.461493+01	3	\N	tickets/2026/02/Fiche_de_presence_Network_troubleshooting.pdf	test
3	Renovation fondation a annule	CLOSED	HIGH	2026-02-16 09:31:15.024372+01	2026-02-18 12:45:46.628211+01	14	\N		
2	test ticket	CLOSED	MEDIUM	2026-02-14 20:14:18.947728+01	2026-02-18 12:46:56.137511+01	4	\N		
5	test	OPEN	MEDIUM	2026-02-18 13:36:22.430227+01	2026-02-18 13:36:22.430252+01	14	\N	tickets/2026/02/Apprenants_Excel_du_20_au_22.08.2025.pdf	test
6	Probleme de solution	OPEN	MEDIUM	2026-02-18 13:43:01.4169+01	2026-02-18 13:43:01.416967+01	14	\N	tickets/2026/02/Apprenant_Power_BI_du_01_au_05.09.25.pdf	test
7	test precious	OPEN	MEDIUM	2026-02-18 13:52:12.779681+01	2026-02-18 13:52:12.779703+01	13	\N	tickets/2026/02/Apprenant_Power_BI_du_01_au_05_ecBYNG1.09.25.pdf	test
8	Demande nagu	OPEN	MEDIUM	2026-02-18 14:10:13.662195+01	2026-02-18 14:10:13.662247+01	14	\N	tickets/2026/02/Apprenants_Excel_du_20_au_22_PTdteeC.08.2025.pdf	test
9	Hp test	OPEN	MEDIUM	2026-02-18 14:29:24.204774+01	2026-02-18 14:29:24.2048+01	14	\N	tickets/2026/02/Apprenants_Excel_du_20_au_22_3qTyCev.08.2025.pdf	test
10	corp ticket	OPEN	HIGH	2026-02-18 14:36:49.408841+01	2026-02-18 14:36:49.408947+01	14	\N	tickets/2026/02/Apprenant_Power_BI_du_01_au_05_Fll75U5.09.25.pdf	test
11	sujet	OPEN	URGENT	2026-02-18 14:40:11.142906+01	2026-02-18 14:40:11.142921+01	14	\N	tickets/2026/02/Apprenant_Power_BI_du_01_au_05_ilzIqFO.09.25.pdf	test
12	bleu	OPEN	MEDIUM	2026-02-18 14:45:01.354086+01	2026-02-18 14:45:01.354115+01	14	\N	tickets/2026/02/Apprenants_Excel_du_20_au_22_5K6OHKn.08.2025.pdf	test
13	Rouge	OPEN	URGENT	2026-02-18 14:48:16.905101+01	2026-02-18 14:48:16.905127+01	14	\N	tickets/2026/02/Apprenants_Excel_du_20_au_22_LrvCBgn.08.2025.pdf	test
14	Jaune	OPEN	LOW	2026-02-18 14:48:37.197683+01	2026-02-18 14:48:37.197701+01	14	\N		test
15	admin fodjo	OPEN	URGENT	2026-02-18 14:51:40.227355+01	2026-02-18 14:51:40.227412+01	3	\N	tickets/2026/02/icons8-puissance-bi-2021-1000.png	tets
16	Connexion	OPEN	URGENT	2026-02-18 17:19:24.207925+01	2026-02-21 16:13:53.30184+01	14	\N	tickets/2026/02/Audit_for_Solutionstransit_website.pdf	test
\.


--
-- Data for Name: properties_project; Type: TABLE DATA; Schema: public; Owner: postgres
--

COPY public.properties_project (id, name, description, status, start_date, estimated_end_date, budget, created_at, updated_at, property_id, category) FROM stdin;
5	Construction Rez de chausser	Construire les appartement du rez de chausser	EN_COURS	2026-03-04	2026-03-13	10000000.00	2026-02-16 09:13:25.954974+01	2026-02-16 13:10:49.491631+01	32	CONSTRUCTION
6	Renovation facade	test	PLANIFIE	2026-02-17	2026-02-26	160000.00	2026-02-16 17:53:57.10903+01	2026-02-16 17:53:57.109041+01	36	CONSTRUCTION
7	Renovation du mur degrader	test	EN_COURS	2026-02-17	2026-02-26	160000.00	2026-02-16 18:14:58.551523+01	2026-02-16 18:15:12.857194+01	36	MAINTENANCE
11	Gestion: Corp	Projet automatique pour le suivi de la gestion locative de Corp.	EN_COURS	\N	\N	\N	2026-02-17 18:04:16.281331+01	2026-02-17 18:04:16.281347+01	48	MAINTENANCE
10	Développement: Bytes	Projet automatique pour le suivi du chantier de Bytes.	EN_COURS	2026-02-18	2026-12-27	2000000.00	2026-02-17 18:01:22.784299+01	2026-02-17 18:49:57.881881+01	47	CONSTRUCTION
\.


--
-- Data for Name: properties_property; Type: TABLE DATA; Schema: public; Owner: postgres
--

COPY public.properties_property (id, name, address, city, property_type, surface, status, description, created_at, updated_at, owner_id, bedroom_count, postal_code, room_count, category, transaction_nature, loyer_mensuel, prix_nuitee, prix_vente, commission_fixe, commission_rate, commission_type, management_type, budget_total, charges_mensuelles, date_debut_travaux, date_fin_prevue, depot_garantie, meuble, negociable, nom_entrepreneur, date_acquisition, prix_acquisition, frais_acquisition_annexes, devise_origine, is_verified_fonciere, pending_decision) FROM stdin;
36	Residence Bytes-corps	Douala, Cameroun	Douala	LOCAL_ACTIVITE	2000.00	LOUE	test	2026-02-16 17:25:03.896146+01	2026-02-17 12:38:56.144312+01	14	3	BP: 432 Douala	7	PROFESSIONNEL	LOCATION	300.00	1000.00	80000.00	\N	10.00	POURCENTAGE	GESTION	560000.00	100.00	2026-02-18	2026-02-22	60.00	f	t	Ivan Mpondo	2026-02-03	35000.00	20000.00	EUR	t	f
47	Bytes	Yaounde, Cameroun	Yaounde	MAISON	3000.00	EN_COURS	test	2026-02-17 18:01:22.760924+01	2026-02-17 18:01:22.761025+01	14	2	BP: 432 Douala	4	RESIDENTIEL	VENTE	\N	\N	\N	\N	20.00	POURCENTAGE	CONSTRUCTION	5000000.00	\N	\N	2026-12-27	\N	f	f	Ivan Mpondo	\N	\N	\N	XAF	t	f
48	Corp	Yaounde, Cameroun	Yaounde	VILLA	5000.00	LOUE	test	2026-02-17 18:04:16.271812+01	2026-02-17 18:04:16.271832+01	14	3	BP: 432 Douala	5	RESIDENTIEL	LOCATION	5000.00	\N	\N	\N	20.00	POURCENTAGE	GESTION	\N	\N	\N	\N	\N	f	f		\N	\N	\N	XAF	t	f
31	Immeuble Afanyu	Douala, Cameroun	douala	IMMEUBLE	10000.00	LOUE	Immeuble de precious	2026-02-16 08:39:19.676841+01	2026-02-17 19:30:23.836536+01	14	8	35678	10	RESIDENTIEL	LOCATION	10000.00	\N	45000000.00	\N	20.00	POURCENTAGE	GESTION	\N	5000.00	\N	\N	\N	f	t		2026-02-17	50000000.00	0.00	USD	f	f
50	Naguuu	Douala, Cameroun	Yaounde	MAISON	2000.00	DISPONIBLE	test	2026-02-18 18:13:54.820237+01	2026-02-18 18:13:54.820334+01	14	2	BP: 432 Douala	3	RESIDENTIEL	VENTE	\N	\N	60700000.00	\N	20.00	POURCENTAGE	MANDAT	\N	\N	\N	\N	\N	f	t		\N	\N	\N	XAF	t	f
28	Maison Bali	Douala, Cameroun	douala	MAISON	1000.00	LOUE	test	2026-02-15 09:13:38.586182+01	2026-02-15 16:26:20.252906+01	5	1	2323	4	RESIDENTIEL	LOCATION	3000.00	\N	10000000.00	\N	20.00	POURCENTAGE	MANDAT	\N	740.00	\N	\N	\N	f	t		2026-01-26	8590000.00	0.00	EUR	f	f
32	Home Building	Douala, Cameroun	Douala	IMMEUBLE	2000.00	EN_PROJET	Immeuble de Ivan	2026-02-16 09:09:00.229888+01	2026-02-16 09:09:00.229904+01	14	2	BP: 789 Douala	4	RESIDENTIEL	VENTE	\N	\N	\N	\N	15.00	POURCENTAGE	CONSTRUCTION	100000000.00	\N	2026-02-27	2026-12-25	\N	f	f	Ivan Mpondo	2026-01-29	7000000.00	500000.00	XOF	t	f
33	State Buiding	Douala, Cameroun	Douala	BOUTIQUE	2000.00	EN_PROJET		2026-02-16 16:00:46.460292+01	2026-02-16 16:00:46.460334+01	14	1	BP: 800 Douala	3	COMMERCIAL	VENTE	\N	\N	\N	\N	25.00	POURCENTAGE	CONSTRUCTION	75000000.00	\N	2026-02-17	2026-03-08	\N	f	f	Ivan Mpondo	2026-02-11	200000.00	500.00	USD	t	f
\.


--
-- Data for Name: properties_propertyimage; Type: TABLE DATA; Schema: public; Owner: postgres
--

COPY public.properties_propertyimage (id, image, is_main, created_at, property_id) FROM stdin;
14	property_images/webaliser-_TPTXZd9mOo-unsplash_6hVR4A2.jpg	t	2026-02-15 09:13:38.59811+01	28
15	property_images/webaliser-_TPTXZd9mOo-unsplash_Zsyx5Wx.jpg	t	2026-02-16 08:39:19.687419+01	31
16	property_images/david-monje--Pm04ptAS_g-unsplash.jpg	t	2026-02-16 09:09:00.239111+01	32
17	property_images/kazuki-tomoda-mVuUDCvwqPI-unsplash.jpg	f	2026-02-16 09:09:00.247031+01	32
18	property_images/alberto-rodriguez--aCrA9FmT8Y-unsplash.jpg	t	2026-02-16 16:00:46.49062+01	33
19	property_images/marcin-jozwiak-oh0DITWoHi4-unsplash.jpg	f	2026-02-16 16:00:46.501322+01	33
22	property_images/alberto-rodriguez--aCrA9FmT8Y-unsplash_PsHfXAe.jpg	t	2026-02-16 17:25:03.924503+01	36
24	property_images/marcin-jozwiak-oh0DITWoHi4-unsplash_LTElC2w.jpg	t	2026-02-17 18:01:22.805227+01	47
25	property_images/peter-burdon-SdUQYsbMetI-unsplash.jpg	t	2026-02-17 18:04:16.296031+01	48
27	property_images/peter-burdon-SdUQYsbMetI-unsplash_uCmEojW.jpg	t	2026-02-18 18:13:54.971492+01	50
\.


--
-- Data for Name: properties_transaction; Type: TABLE DATA; Schema: public; Owner: postgres
--

COPY public.properties_transaction (id, asking_price, final_price, status, notes, created_at, updated_at, buyer_tenant_id, property_id) FROM stdin;
5	6500000.00	6500000.00	SIGNE	Offre de Tech Client\nEmail: tech@tech.com\nMessage: Je suis interresser par ce bien	2026-02-15 09:26:59.249948+01	2026-02-15 15:48:09.210284+01	4	28
8	8500000.00	8590000.00	SIGNE	Offre de Harissone FARES\nEmail: harissonefares4@gmail.com\nMessage: Je suis interresser	2026-02-15 16:09:44.99656+01	2026-02-15 16:10:52.377804+01	5	28
9	30000000.00	32500000.00	SIGNE	Offre de Tech Client\nEmail: tech@tech.com\nMessage: Je suis interesser	2026-02-16 08:50:11.538197+01	2026-02-16 08:54:22.17318+01	4	31
10	20000000.00	\N	ANNULE	Offre de Harissone FARES\nEmail: harissonefares4@gmail.com\nMessage: Je suis interesser	2026-02-16 08:50:42.637165+01	2026-02-16 08:50:42.637175+01	5	31
11	50000000.00	50000000.00	SIGNE	Offre de Ivan Mpondo\nEmail: ivanmpondo9@gmail.com\nMessage: test	2026-02-17 19:29:02.195518+01	2026-02-17 19:29:32.035944+01	14	31
\.


--
-- Name: accounts_user_groups_id_seq; Type: SEQUENCE SET; Schema: public; Owner: postgres
--

SELECT pg_catalog.setval('public.accounts_user_groups_id_seq', 1, false);


--
-- Name: accounts_user_id_seq; Type: SEQUENCE SET; Schema: public; Owner: postgres
--

SELECT pg_catalog.setval('public.accounts_user_id_seq', 18, true);


--
-- Name: accounts_user_user_permissions_id_seq; Type: SEQUENCE SET; Schema: public; Owner: postgres
--

SELECT pg_catalog.setval('public.accounts_user_user_permissions_id_seq', 1, false);


--
-- Name: auth_group_id_seq; Type: SEQUENCE SET; Schema: public; Owner: postgres
--

SELECT pg_catalog.setval('public.auth_group_id_seq', 1, false);


--
-- Name: auth_group_permissions_id_seq; Type: SEQUENCE SET; Schema: public; Owner: postgres
--

SELECT pg_catalog.setval('public.auth_group_permissions_id_seq', 1, false);


--
-- Name: auth_permission_id_seq; Type: SEQUENCE SET; Schema: public; Owner: postgres
--

SELECT pg_catalog.setval('public.auth_permission_id_seq', 100, true);


--
-- Name: construction_constructionsite_id_seq; Type: SEQUENCE SET; Schema: public; Owner: postgres
--

SELECT pg_catalog.setval('public.construction_constructionsite_id_seq', 16, true);


--
-- Name: construction_journalentry_id_seq; Type: SEQUENCE SET; Schema: public; Owner: postgres
--

SELECT pg_catalog.setval('public.construction_journalentry_id_seq', 6, true);


--
-- Name: construction_milestone_id_seq; Type: SEQUENCE SET; Schema: public; Owner: postgres
--

SELECT pg_catalog.setval('public.construction_milestone_id_seq', 15, true);


--
-- Name: construction_progressupdate_id_seq; Type: SEQUENCE SET; Schema: public; Owner: postgres
--

SELECT pg_catalog.setval('public.construction_progressupdate_id_seq', 1, false);


--
-- Name: construction_sitephoto_id_seq; Type: SEQUENCE SET; Schema: public; Owner: postgres
--

SELECT pg_catalog.setval('public.construction_sitephoto_id_seq', 7, true);


--
-- Name: django_admin_log_id_seq; Type: SEQUENCE SET; Schema: public; Owner: postgres
--

SELECT pg_catalog.setval('public.django_admin_log_id_seq', 1, false);


--
-- Name: django_content_type_id_seq; Type: SEQUENCE SET; Schema: public; Owner: postgres
--

SELECT pg_catalog.setval('public.django_content_type_id_seq', 25, true);


--
-- Name: django_migrations_id_seq; Type: SEQUENCE SET; Schema: public; Owner: postgres
--

SELECT pg_catalog.setval('public.django_migrations_id_seq', 63, true);


--
-- Name: documents_document_id_seq; Type: SEQUENCE SET; Schema: public; Owner: postgres
--

SELECT pg_catalog.setval('public.documents_document_id_seq', 9, true);


--
-- Name: finance_cashcall_id_seq; Type: SEQUENCE SET; Schema: public; Owner: postgres
--

SELECT pg_catalog.setval('public.finance_cashcall_id_seq', 9, true);


--
-- Name: finance_financialtransaction_id_seq; Type: SEQUENCE SET; Schema: public; Owner: postgres
--

SELECT pg_catalog.setval('public.finance_financialtransaction_id_seq', 68, true);


--
-- Name: finance_settlement_id_seq; Type: SEQUENCE SET; Schema: public; Owner: postgres
--

SELECT pg_catalog.setval('public.finance_settlement_id_seq', 6, true);


--
-- Name: finance_wallet_id_seq; Type: SEQUENCE SET; Schema: public; Owner: postgres
--

SELECT pg_catalog.setval('public.finance_wallet_id_seq', 15, true);


--
-- Name: messaging_message_id_seq; Type: SEQUENCE SET; Schema: public; Owner: postgres
--

SELECT pg_catalog.setval('public.messaging_message_id_seq', 17, true);


--
-- Name: messaging_notification_id_seq; Type: SEQUENCE SET; Schema: public; Owner: postgres
--

SELECT pg_catalog.setval('public.messaging_notification_id_seq', 35, true);


--
-- Name: messaging_ticket_id_seq; Type: SEQUENCE SET; Schema: public; Owner: postgres
--

SELECT pg_catalog.setval('public.messaging_ticket_id_seq', 16, true);


--
-- Name: properties_project_id_seq; Type: SEQUENCE SET; Schema: public; Owner: postgres
--

SELECT pg_catalog.setval('public.properties_project_id_seq', 11, true);


--
-- Name: properties_property_id_seq; Type: SEQUENCE SET; Schema: public; Owner: postgres
--

SELECT pg_catalog.setval('public.properties_property_id_seq', 50, true);


--
-- Name: properties_propertyimage_id_seq; Type: SEQUENCE SET; Schema: public; Owner: postgres
--

SELECT pg_catalog.setval('public.properties_propertyimage_id_seq', 27, true);


--
-- Name: properties_transaction_id_seq; Type: SEQUENCE SET; Schema: public; Owner: postgres
--

SELECT pg_catalog.setval('public.properties_transaction_id_seq', 11, true);


--
-- Name: accounts_user accounts_user_email_key; Type: CONSTRAINT; Schema: public; Owner: postgres
--

ALTER TABLE ONLY public.accounts_user
    ADD CONSTRAINT accounts_user_email_key UNIQUE (email);


--
-- Name: accounts_user_groups accounts_user_groups_pkey; Type: CONSTRAINT; Schema: public; Owner: postgres
--

ALTER TABLE ONLY public.accounts_user_groups
    ADD CONSTRAINT accounts_user_groups_pkey PRIMARY KEY (id);


--
-- Name: accounts_user_groups accounts_user_groups_user_id_group_id_59c0b32f_uniq; Type: CONSTRAINT; Schema: public; Owner: postgres
--

ALTER TABLE ONLY public.accounts_user_groups
    ADD CONSTRAINT accounts_user_groups_user_id_group_id_59c0b32f_uniq UNIQUE (user_id, group_id);


--
-- Name: accounts_user accounts_user_pkey; Type: CONSTRAINT; Schema: public; Owner: postgres
--

ALTER TABLE ONLY public.accounts_user
    ADD CONSTRAINT accounts_user_pkey PRIMARY KEY (id);


--
-- Name: accounts_user_user_permissions accounts_user_user_permi_user_id_permission_id_2ab516c2_uniq; Type: CONSTRAINT; Schema: public; Owner: postgres
--

ALTER TABLE ONLY public.accounts_user_user_permissions
    ADD CONSTRAINT accounts_user_user_permi_user_id_permission_id_2ab516c2_uniq UNIQUE (user_id, permission_id);


--
-- Name: accounts_user_user_permissions accounts_user_user_permissions_pkey; Type: CONSTRAINT; Schema: public; Owner: postgres
--

ALTER TABLE ONLY public.accounts_user_user_permissions
    ADD CONSTRAINT accounts_user_user_permissions_pkey PRIMARY KEY (id);


--
-- Name: accounts_user accounts_user_username_key; Type: CONSTRAINT; Schema: public; Owner: postgres
--

ALTER TABLE ONLY public.accounts_user
    ADD CONSTRAINT accounts_user_username_key UNIQUE (username);


--
-- Name: auth_group auth_group_name_key; Type: CONSTRAINT; Schema: public; Owner: postgres
--

ALTER TABLE ONLY public.auth_group
    ADD CONSTRAINT auth_group_name_key UNIQUE (name);


--
-- Name: auth_group_permissions auth_group_permissions_group_id_permission_id_0cd325b0_uniq; Type: CONSTRAINT; Schema: public; Owner: postgres
--

ALTER TABLE ONLY public.auth_group_permissions
    ADD CONSTRAINT auth_group_permissions_group_id_permission_id_0cd325b0_uniq UNIQUE (group_id, permission_id);


--
-- Name: auth_group_permissions auth_group_permissions_pkey; Type: CONSTRAINT; Schema: public; Owner: postgres
--

ALTER TABLE ONLY public.auth_group_permissions
    ADD CONSTRAINT auth_group_permissions_pkey PRIMARY KEY (id);


--
-- Name: auth_group auth_group_pkey; Type: CONSTRAINT; Schema: public; Owner: postgres
--

ALTER TABLE ONLY public.auth_group
    ADD CONSTRAINT auth_group_pkey PRIMARY KEY (id);


--
-- Name: auth_permission auth_permission_content_type_id_codename_01ab375a_uniq; Type: CONSTRAINT; Schema: public; Owner: postgres
--

ALTER TABLE ONLY public.auth_permission
    ADD CONSTRAINT auth_permission_content_type_id_codename_01ab375a_uniq UNIQUE (content_type_id, codename);


--
-- Name: auth_permission auth_permission_pkey; Type: CONSTRAINT; Schema: public; Owner: postgres
--

ALTER TABLE ONLY public.auth_permission
    ADD CONSTRAINT auth_permission_pkey PRIMARY KEY (id);


--
-- Name: authtoken_token authtoken_token_pkey; Type: CONSTRAINT; Schema: public; Owner: postgres
--

ALTER TABLE ONLY public.authtoken_token
    ADD CONSTRAINT authtoken_token_pkey PRIMARY KEY (key);


--
-- Name: authtoken_token authtoken_token_user_id_key; Type: CONSTRAINT; Schema: public; Owner: postgres
--

ALTER TABLE ONLY public.authtoken_token
    ADD CONSTRAINT authtoken_token_user_id_key UNIQUE (user_id);


--
-- Name: construction_constructionsite construction_constructionsite_pkey; Type: CONSTRAINT; Schema: public; Owner: postgres
--

ALTER TABLE ONLY public.construction_constructionsite
    ADD CONSTRAINT construction_constructionsite_pkey PRIMARY KEY (id);


--
-- Name: construction_journalentry construction_journalentry_pkey; Type: CONSTRAINT; Schema: public; Owner: postgres
--

ALTER TABLE ONLY public.construction_journalentry
    ADD CONSTRAINT construction_journalentry_pkey PRIMARY KEY (id);


--
-- Name: construction_journalentry construction_journalentry_site_id_date_769ebe9e_uniq; Type: CONSTRAINT; Schema: public; Owner: postgres
--

ALTER TABLE ONLY public.construction_journalentry
    ADD CONSTRAINT construction_journalentry_site_id_date_769ebe9e_uniq UNIQUE (site_id, date);


--
-- Name: construction_milestone construction_milestone_pkey; Type: CONSTRAINT; Schema: public; Owner: postgres
--

ALTER TABLE ONLY public.construction_milestone
    ADD CONSTRAINT construction_milestone_pkey PRIMARY KEY (id);


--
-- Name: construction_progressupdate construction_progressupdate_pkey; Type: CONSTRAINT; Schema: public; Owner: postgres
--

ALTER TABLE ONLY public.construction_progressupdate
    ADD CONSTRAINT construction_progressupdate_pkey PRIMARY KEY (id);


--
-- Name: construction_sitephoto construction_sitephoto_pkey; Type: CONSTRAINT; Schema: public; Owner: postgres
--

ALTER TABLE ONLY public.construction_sitephoto
    ADD CONSTRAINT construction_sitephoto_pkey PRIMARY KEY (id);


--
-- Name: django_admin_log django_admin_log_pkey; Type: CONSTRAINT; Schema: public; Owner: postgres
--

ALTER TABLE ONLY public.django_admin_log
    ADD CONSTRAINT django_admin_log_pkey PRIMARY KEY (id);


--
-- Name: django_content_type django_content_type_app_label_model_76bd3d3b_uniq; Type: CONSTRAINT; Schema: public; Owner: postgres
--

ALTER TABLE ONLY public.django_content_type
    ADD CONSTRAINT django_content_type_app_label_model_76bd3d3b_uniq UNIQUE (app_label, model);


--
-- Name: django_content_type django_content_type_pkey; Type: CONSTRAINT; Schema: public; Owner: postgres
--

ALTER TABLE ONLY public.django_content_type
    ADD CONSTRAINT django_content_type_pkey PRIMARY KEY (id);


--
-- Name: django_migrations django_migrations_pkey; Type: CONSTRAINT; Schema: public; Owner: postgres
--

ALTER TABLE ONLY public.django_migrations
    ADD CONSTRAINT django_migrations_pkey PRIMARY KEY (id);


--
-- Name: django_session django_session_pkey; Type: CONSTRAINT; Schema: public; Owner: postgres
--

ALTER TABLE ONLY public.django_session
    ADD CONSTRAINT django_session_pkey PRIMARY KEY (session_key);


--
-- Name: documents_document documents_document_pkey; Type: CONSTRAINT; Schema: public; Owner: postgres
--

ALTER TABLE ONLY public.documents_document
    ADD CONSTRAINT documents_document_pkey PRIMARY KEY (id);


--
-- Name: finance_cashcall finance_cashcall_pkey; Type: CONSTRAINT; Schema: public; Owner: postgres
--

ALTER TABLE ONLY public.finance_cashcall
    ADD CONSTRAINT finance_cashcall_pkey PRIMARY KEY (id);


--
-- Name: finance_financialtransaction finance_financialtransaction_pkey; Type: CONSTRAINT; Schema: public; Owner: postgres
--

ALTER TABLE ONLY public.finance_financialtransaction
    ADD CONSTRAINT finance_financialtransaction_pkey PRIMARY KEY (id);


--
-- Name: finance_settlement finance_settlement_pkey; Type: CONSTRAINT; Schema: public; Owner: postgres
--

ALTER TABLE ONLY public.finance_settlement
    ADD CONSTRAINT finance_settlement_pkey PRIMARY KEY (id);


--
-- Name: finance_wallet finance_wallet_pkey; Type: CONSTRAINT; Schema: public; Owner: postgres
--

ALTER TABLE ONLY public.finance_wallet
    ADD CONSTRAINT finance_wallet_pkey PRIMARY KEY (id);


--
-- Name: finance_wallet finance_wallet_property_id_key; Type: CONSTRAINT; Schema: public; Owner: postgres
--

ALTER TABLE ONLY public.finance_wallet
    ADD CONSTRAINT finance_wallet_property_id_key UNIQUE (property_id);


--
-- Name: messaging_message messaging_message_pkey; Type: CONSTRAINT; Schema: public; Owner: postgres
--

ALTER TABLE ONLY public.messaging_message
    ADD CONSTRAINT messaging_message_pkey PRIMARY KEY (id);


--
-- Name: messaging_notification messaging_notification_pkey; Type: CONSTRAINT; Schema: public; Owner: postgres
--

ALTER TABLE ONLY public.messaging_notification
    ADD CONSTRAINT messaging_notification_pkey PRIMARY KEY (id);


--
-- Name: messaging_ticket messaging_ticket_pkey; Type: CONSTRAINT; Schema: public; Owner: postgres
--

ALTER TABLE ONLY public.messaging_ticket
    ADD CONSTRAINT messaging_ticket_pkey PRIMARY KEY (id);


--
-- Name: properties_project properties_project_pkey; Type: CONSTRAINT; Schema: public; Owner: postgres
--

ALTER TABLE ONLY public.properties_project
    ADD CONSTRAINT properties_project_pkey PRIMARY KEY (id);


--
-- Name: properties_property properties_property_pkey; Type: CONSTRAINT; Schema: public; Owner: postgres
--

ALTER TABLE ONLY public.properties_property
    ADD CONSTRAINT properties_property_pkey PRIMARY KEY (id);


--
-- Name: properties_propertyimage properties_propertyimage_pkey; Type: CONSTRAINT; Schema: public; Owner: postgres
--

ALTER TABLE ONLY public.properties_propertyimage
    ADD CONSTRAINT properties_propertyimage_pkey PRIMARY KEY (id);


--
-- Name: properties_transaction properties_transaction_pkey; Type: CONSTRAINT; Schema: public; Owner: postgres
--

ALTER TABLE ONLY public.properties_transaction
    ADD CONSTRAINT properties_transaction_pkey PRIMARY KEY (id);


--
-- Name: accounts_user_created_by_id_ba68b522; Type: INDEX; Schema: public; Owner: postgres
--

CREATE INDEX accounts_user_created_by_id_ba68b522 ON public.accounts_user USING btree (created_by_id);


--
-- Name: accounts_user_email_b2644a56_like; Type: INDEX; Schema: public; Owner: postgres
--

CREATE INDEX accounts_user_email_b2644a56_like ON public.accounts_user USING btree (email varchar_pattern_ops);


--
-- Name: accounts_user_groups_group_id_bd11a704; Type: INDEX; Schema: public; Owner: postgres
--

CREATE INDEX accounts_user_groups_group_id_bd11a704 ON public.accounts_user_groups USING btree (group_id);


--
-- Name: accounts_user_groups_user_id_52b62117; Type: INDEX; Schema: public; Owner: postgres
--

CREATE INDEX accounts_user_groups_user_id_52b62117 ON public.accounts_user_groups USING btree (user_id);


--
-- Name: accounts_user_user_permissions_permission_id_113bb443; Type: INDEX; Schema: public; Owner: postgres
--

CREATE INDEX accounts_user_user_permissions_permission_id_113bb443 ON public.accounts_user_user_permissions USING btree (permission_id);


--
-- Name: accounts_user_user_permissions_user_id_e4f0a161; Type: INDEX; Schema: public; Owner: postgres
--

CREATE INDEX accounts_user_user_permissions_user_id_e4f0a161 ON public.accounts_user_user_permissions USING btree (user_id);


--
-- Name: accounts_user_username_6088629e_like; Type: INDEX; Schema: public; Owner: postgres
--

CREATE INDEX accounts_user_username_6088629e_like ON public.accounts_user USING btree (username varchar_pattern_ops);


--
-- Name: auth_group_name_a6ea08ec_like; Type: INDEX; Schema: public; Owner: postgres
--

CREATE INDEX auth_group_name_a6ea08ec_like ON public.auth_group USING btree (name varchar_pattern_ops);


--
-- Name: auth_group_permissions_group_id_b120cbf9; Type: INDEX; Schema: public; Owner: postgres
--

CREATE INDEX auth_group_permissions_group_id_b120cbf9 ON public.auth_group_permissions USING btree (group_id);


--
-- Name: auth_group_permissions_permission_id_84c5c92e; Type: INDEX; Schema: public; Owner: postgres
--

CREATE INDEX auth_group_permissions_permission_id_84c5c92e ON public.auth_group_permissions USING btree (permission_id);


--
-- Name: auth_permission_content_type_id_2f476e4b; Type: INDEX; Schema: public; Owner: postgres
--

CREATE INDEX auth_permission_content_type_id_2f476e4b ON public.auth_permission USING btree (content_type_id);


--
-- Name: authtoken_token_key_10f0b77e_like; Type: INDEX; Schema: public; Owner: postgres
--

CREATE INDEX authtoken_token_key_10f0b77e_like ON public.authtoken_token USING btree (key varchar_pattern_ops);


--
-- Name: construction_constructionsite_chef_de_chantier_id_8cb69bf8; Type: INDEX; Schema: public; Owner: postgres
--

CREATE INDEX construction_constructionsite_chef_de_chantier_id_8cb69bf8 ON public.construction_constructionsite USING btree (chef_de_chantier_id);


--
-- Name: construction_constructionsite_project_id_d26c6b2d; Type: INDEX; Schema: public; Owner: postgres
--

CREATE INDEX construction_constructionsite_project_id_d26c6b2d ON public.construction_constructionsite USING btree (project_id);


--
-- Name: construction_journalentry_author_id_26c16daa; Type: INDEX; Schema: public; Owner: postgres
--

CREATE INDEX construction_journalentry_author_id_26c16daa ON public.construction_journalentry USING btree (author_id);


--
-- Name: construction_journalentry_site_id_d3688988; Type: INDEX; Schema: public; Owner: postgres
--

CREATE INDEX construction_journalentry_site_id_d3688988 ON public.construction_journalentry USING btree (site_id);


--
-- Name: construction_milestone_site_id_fc9d0451; Type: INDEX; Schema: public; Owner: postgres
--

CREATE INDEX construction_milestone_site_id_fc9d0451 ON public.construction_milestone USING btree (site_id);


--
-- Name: construction_progressupdate_site_id_3817b0f8; Type: INDEX; Schema: public; Owner: postgres
--

CREATE INDEX construction_progressupdate_site_id_3817b0f8 ON public.construction_progressupdate USING btree (site_id);


--
-- Name: construction_progressupdate_updated_by_id_cd17b51a; Type: INDEX; Schema: public; Owner: postgres
--

CREATE INDEX construction_progressupdate_updated_by_id_cd17b51a ON public.construction_progressupdate USING btree (updated_by_id);


--
-- Name: construction_sitephoto_journal_entry_id_8144401a; Type: INDEX; Schema: public; Owner: postgres
--

CREATE INDEX construction_sitephoto_journal_entry_id_8144401a ON public.construction_sitephoto USING btree (journal_entry_id);


--
-- Name: construction_sitephoto_site_id_d4c6be8f; Type: INDEX; Schema: public; Owner: postgres
--

CREATE INDEX construction_sitephoto_site_id_d4c6be8f ON public.construction_sitephoto USING btree (site_id);


--
-- Name: construction_sitephoto_uploaded_by_id_94486bc4; Type: INDEX; Schema: public; Owner: postgres
--

CREATE INDEX construction_sitephoto_uploaded_by_id_94486bc4 ON public.construction_sitephoto USING btree (uploaded_by_id);


--
-- Name: django_admin_log_content_type_id_c4bce8eb; Type: INDEX; Schema: public; Owner: postgres
--

CREATE INDEX django_admin_log_content_type_id_c4bce8eb ON public.django_admin_log USING btree (content_type_id);


--
-- Name: django_admin_log_user_id_c564eba6; Type: INDEX; Schema: public; Owner: postgres
--

CREATE INDEX django_admin_log_user_id_c564eba6 ON public.django_admin_log USING btree (user_id);


--
-- Name: django_session_expire_date_a5c62663; Type: INDEX; Schema: public; Owner: postgres
--

CREATE INDEX django_session_expire_date_a5c62663 ON public.django_session USING btree (expire_date);


--
-- Name: django_session_session_key_c0390e0f_like; Type: INDEX; Schema: public; Owner: postgres
--

CREATE INDEX django_session_session_key_c0390e0f_like ON public.django_session USING btree (session_key varchar_pattern_ops);


--
-- Name: documents_document_project_id_4c5c366d; Type: INDEX; Schema: public; Owner: postgres
--

CREATE INDEX documents_document_project_id_4c5c366d ON public.documents_document USING btree (project_id);


--
-- Name: documents_document_property_id_ade85425; Type: INDEX; Schema: public; Owner: postgres
--

CREATE INDEX documents_document_property_id_ade85425 ON public.documents_document USING btree (property_id);


--
-- Name: documents_document_site_id_426ba4f8; Type: INDEX; Schema: public; Owner: postgres
--

CREATE INDEX documents_document_site_id_426ba4f8 ON public.documents_document USING btree (site_id);


--
-- Name: documents_document_uploaded_by_id_cc1ba81a; Type: INDEX; Schema: public; Owner: postgres
--

CREATE INDEX documents_document_uploaded_by_id_cc1ba81a ON public.documents_document USING btree (uploaded_by_id);


--
-- Name: finance_cashcall_created_by_id_b833df31; Type: INDEX; Schema: public; Owner: postgres
--

CREATE INDEX finance_cashcall_created_by_id_b833df31 ON public.finance_cashcall USING btree (created_by_id);


--
-- Name: finance_cashcall_property_id_4291f4af; Type: INDEX; Schema: public; Owner: postgres
--

CREATE INDEX finance_cashcall_property_id_4291f4af ON public.finance_cashcall USING btree (property_id);


--
-- Name: finance_financialtransaction_cash_call_id_041adbae; Type: INDEX; Schema: public; Owner: postgres
--

CREATE INDEX finance_financialtransaction_cash_call_id_041adbae ON public.finance_financialtransaction USING btree (cash_call_id);


--
-- Name: finance_financialtransaction_created_by_id_06b2a9ab; Type: INDEX; Schema: public; Owner: postgres
--

CREATE INDEX finance_financialtransaction_created_by_id_06b2a9ab ON public.finance_financialtransaction USING btree (created_by_id);


--
-- Name: finance_financialtransaction_owner_id_5cf2a339; Type: INDEX; Schema: public; Owner: postgres
--

CREATE INDEX finance_financialtransaction_owner_id_5cf2a339 ON public.finance_financialtransaction USING btree (owner_id);


--
-- Name: finance_financialtransaction_parent_transaction_id_9b58fa39; Type: INDEX; Schema: public; Owner: postgres
--

CREATE INDEX finance_financialtransaction_parent_transaction_id_9b58fa39 ON public.finance_financialtransaction USING btree (parent_transaction_id);


--
-- Name: finance_financialtransaction_project_id_36b6b165; Type: INDEX; Schema: public; Owner: postgres
--

CREATE INDEX finance_financialtransaction_project_id_36b6b165 ON public.finance_financialtransaction USING btree (project_id);


--
-- Name: finance_financialtransaction_property_id_926a79c2; Type: INDEX; Schema: public; Owner: postgres
--

CREATE INDEX finance_financialtransaction_property_id_926a79c2 ON public.finance_financialtransaction USING btree (property_id);


--
-- Name: finance_financialtransaction_settlement_id_2e3de6eb; Type: INDEX; Schema: public; Owner: postgres
--

CREATE INDEX finance_financialtransaction_settlement_id_2e3de6eb ON public.finance_financialtransaction USING btree (settlement_id);


--
-- Name: finance_financialtransaction_site_id_30870fb8; Type: INDEX; Schema: public; Owner: postgres
--

CREATE INDEX finance_financialtransaction_site_id_30870fb8 ON public.finance_financialtransaction USING btree (site_id);


--
-- Name: finance_settlement_created_by_id_69fa7aef; Type: INDEX; Schema: public; Owner: postgres
--

CREATE INDEX finance_settlement_created_by_id_69fa7aef ON public.finance_settlement USING btree (created_by_id);


--
-- Name: finance_settlement_property_id_905649b5; Type: INDEX; Schema: public; Owner: postgres
--

CREATE INDEX finance_settlement_property_id_905649b5 ON public.finance_settlement USING btree (property_id);


--
-- Name: messaging_message_author_id_40198c92; Type: INDEX; Schema: public; Owner: postgres
--

CREATE INDEX messaging_message_author_id_40198c92 ON public.messaging_message USING btree (author_id);


--
-- Name: messaging_message_ticket_id_21c6b225; Type: INDEX; Schema: public; Owner: postgres
--

CREATE INDEX messaging_message_ticket_id_21c6b225 ON public.messaging_message USING btree (ticket_id);


--
-- Name: messaging_notification_user_id_7f01f50a; Type: INDEX; Schema: public; Owner: postgres
--

CREATE INDEX messaging_notification_user_id_7f01f50a ON public.messaging_notification USING btree (user_id);


--
-- Name: messaging_ticket_created_by_id_f6ec560a; Type: INDEX; Schema: public; Owner: postgres
--

CREATE INDEX messaging_ticket_created_by_id_f6ec560a ON public.messaging_ticket USING btree (created_by_id);


--
-- Name: messaging_ticket_property_id_4aeba29c; Type: INDEX; Schema: public; Owner: postgres
--

CREATE INDEX messaging_ticket_property_id_4aeba29c ON public.messaging_ticket USING btree (property_id);


--
-- Name: properties_project_property_id_59796d84; Type: INDEX; Schema: public; Owner: postgres
--

CREATE INDEX properties_project_property_id_59796d84 ON public.properties_project USING btree (property_id);


--
-- Name: properties_property_owner_id_6700dc90; Type: INDEX; Schema: public; Owner: postgres
--

CREATE INDEX properties_property_owner_id_6700dc90 ON public.properties_property USING btree (owner_id);


--
-- Name: properties_propertyimage_property_id_883194e7; Type: INDEX; Schema: public; Owner: postgres
--

CREATE INDEX properties_propertyimage_property_id_883194e7 ON public.properties_propertyimage USING btree (property_id);


--
-- Name: properties_transaction_buyer_tenant_id_085e6202; Type: INDEX; Schema: public; Owner: postgres
--

CREATE INDEX properties_transaction_buyer_tenant_id_085e6202 ON public.properties_transaction USING btree (buyer_tenant_id);


--
-- Name: properties_transaction_property_id_53f36c2b; Type: INDEX; Schema: public; Owner: postgres
--

CREATE INDEX properties_transaction_property_id_53f36c2b ON public.properties_transaction USING btree (property_id);


--
-- Name: accounts_user accounts_user_created_by_id_ba68b522_fk_accounts_user_id; Type: FK CONSTRAINT; Schema: public; Owner: postgres
--

ALTER TABLE ONLY public.accounts_user
    ADD CONSTRAINT accounts_user_created_by_id_ba68b522_fk_accounts_user_id FOREIGN KEY (created_by_id) REFERENCES public.accounts_user(id) DEFERRABLE INITIALLY DEFERRED;


--
-- Name: accounts_user_groups accounts_user_groups_group_id_bd11a704_fk_auth_group_id; Type: FK CONSTRAINT; Schema: public; Owner: postgres
--

ALTER TABLE ONLY public.accounts_user_groups
    ADD CONSTRAINT accounts_user_groups_group_id_bd11a704_fk_auth_group_id FOREIGN KEY (group_id) REFERENCES public.auth_group(id) DEFERRABLE INITIALLY DEFERRED;


--
-- Name: accounts_user_groups accounts_user_groups_user_id_52b62117_fk_accounts_user_id; Type: FK CONSTRAINT; Schema: public; Owner: postgres
--

ALTER TABLE ONLY public.accounts_user_groups
    ADD CONSTRAINT accounts_user_groups_user_id_52b62117_fk_accounts_user_id FOREIGN KEY (user_id) REFERENCES public.accounts_user(id) DEFERRABLE INITIALLY DEFERRED;


--
-- Name: accounts_user_user_permissions accounts_user_user_p_permission_id_113bb443_fk_auth_perm; Type: FK CONSTRAINT; Schema: public; Owner: postgres
--

ALTER TABLE ONLY public.accounts_user_user_permissions
    ADD CONSTRAINT accounts_user_user_p_permission_id_113bb443_fk_auth_perm FOREIGN KEY (permission_id) REFERENCES public.auth_permission(id) DEFERRABLE INITIALLY DEFERRED;


--
-- Name: accounts_user_user_permissions accounts_user_user_p_user_id_e4f0a161_fk_accounts_; Type: FK CONSTRAINT; Schema: public; Owner: postgres
--

ALTER TABLE ONLY public.accounts_user_user_permissions
    ADD CONSTRAINT accounts_user_user_p_user_id_e4f0a161_fk_accounts_ FOREIGN KEY (user_id) REFERENCES public.accounts_user(id) DEFERRABLE INITIALLY DEFERRED;


--
-- Name: auth_group_permissions auth_group_permissio_permission_id_84c5c92e_fk_auth_perm; Type: FK CONSTRAINT; Schema: public; Owner: postgres
--

ALTER TABLE ONLY public.auth_group_permissions
    ADD CONSTRAINT auth_group_permissio_permission_id_84c5c92e_fk_auth_perm FOREIGN KEY (permission_id) REFERENCES public.auth_permission(id) DEFERRABLE INITIALLY DEFERRED;


--
-- Name: auth_group_permissions auth_group_permissions_group_id_b120cbf9_fk_auth_group_id; Type: FK CONSTRAINT; Schema: public; Owner: postgres
--

ALTER TABLE ONLY public.auth_group_permissions
    ADD CONSTRAINT auth_group_permissions_group_id_b120cbf9_fk_auth_group_id FOREIGN KEY (group_id) REFERENCES public.auth_group(id) DEFERRABLE INITIALLY DEFERRED;


--
-- Name: auth_permission auth_permission_content_type_id_2f476e4b_fk_django_co; Type: FK CONSTRAINT; Schema: public; Owner: postgres
--

ALTER TABLE ONLY public.auth_permission
    ADD CONSTRAINT auth_permission_content_type_id_2f476e4b_fk_django_co FOREIGN KEY (content_type_id) REFERENCES public.django_content_type(id) DEFERRABLE INITIALLY DEFERRED;


--
-- Name: authtoken_token authtoken_token_user_id_35299eff_fk_accounts_user_id; Type: FK CONSTRAINT; Schema: public; Owner: postgres
--

ALTER TABLE ONLY public.authtoken_token
    ADD CONSTRAINT authtoken_token_user_id_35299eff_fk_accounts_user_id FOREIGN KEY (user_id) REFERENCES public.accounts_user(id) DEFERRABLE INITIALLY DEFERRED;


--
-- Name: construction_constructionsite construction_constru_chef_de_chantier_id_8cb69bf8_fk_accounts_; Type: FK CONSTRAINT; Schema: public; Owner: postgres
--

ALTER TABLE ONLY public.construction_constructionsite
    ADD CONSTRAINT construction_constru_chef_de_chantier_id_8cb69bf8_fk_accounts_ FOREIGN KEY (chef_de_chantier_id) REFERENCES public.accounts_user(id) DEFERRABLE INITIALLY DEFERRED;


--
-- Name: construction_constructionsite construction_constru_project_id_d26c6b2d_fk_propertie; Type: FK CONSTRAINT; Schema: public; Owner: postgres
--

ALTER TABLE ONLY public.construction_constructionsite
    ADD CONSTRAINT construction_constru_project_id_d26c6b2d_fk_propertie FOREIGN KEY (project_id) REFERENCES public.properties_project(id) DEFERRABLE INITIALLY DEFERRED;


--
-- Name: construction_journalentry construction_journal_author_id_26c16daa_fk_accounts_; Type: FK CONSTRAINT; Schema: public; Owner: postgres
--

ALTER TABLE ONLY public.construction_journalentry
    ADD CONSTRAINT construction_journal_author_id_26c16daa_fk_accounts_ FOREIGN KEY (author_id) REFERENCES public.accounts_user(id) DEFERRABLE INITIALLY DEFERRED;


--
-- Name: construction_journalentry construction_journal_site_id_d3688988_fk_construct; Type: FK CONSTRAINT; Schema: public; Owner: postgres
--

ALTER TABLE ONLY public.construction_journalentry
    ADD CONSTRAINT construction_journal_site_id_d3688988_fk_construct FOREIGN KEY (site_id) REFERENCES public.construction_constructionsite(id) DEFERRABLE INITIALLY DEFERRED;


--
-- Name: construction_milestone construction_milesto_site_id_fc9d0451_fk_construct; Type: FK CONSTRAINT; Schema: public; Owner: postgres
--

ALTER TABLE ONLY public.construction_milestone
    ADD CONSTRAINT construction_milesto_site_id_fc9d0451_fk_construct FOREIGN KEY (site_id) REFERENCES public.construction_constructionsite(id) DEFERRABLE INITIALLY DEFERRED;


--
-- Name: construction_progressupdate construction_progres_site_id_3817b0f8_fk_construct; Type: FK CONSTRAINT; Schema: public; Owner: postgres
--

ALTER TABLE ONLY public.construction_progressupdate
    ADD CONSTRAINT construction_progres_site_id_3817b0f8_fk_construct FOREIGN KEY (site_id) REFERENCES public.construction_constructionsite(id) DEFERRABLE INITIALLY DEFERRED;


--
-- Name: construction_progressupdate construction_progres_updated_by_id_cd17b51a_fk_accounts_; Type: FK CONSTRAINT; Schema: public; Owner: postgres
--

ALTER TABLE ONLY public.construction_progressupdate
    ADD CONSTRAINT construction_progres_updated_by_id_cd17b51a_fk_accounts_ FOREIGN KEY (updated_by_id) REFERENCES public.accounts_user(id) DEFERRABLE INITIALLY DEFERRED;


--
-- Name: construction_sitephoto construction_sitepho_journal_entry_id_8144401a_fk_construct; Type: FK CONSTRAINT; Schema: public; Owner: postgres
--

ALTER TABLE ONLY public.construction_sitephoto
    ADD CONSTRAINT construction_sitepho_journal_entry_id_8144401a_fk_construct FOREIGN KEY (journal_entry_id) REFERENCES public.construction_journalentry(id) DEFERRABLE INITIALLY DEFERRED;


--
-- Name: construction_sitephoto construction_sitepho_site_id_d4c6be8f_fk_construct; Type: FK CONSTRAINT; Schema: public; Owner: postgres
--

ALTER TABLE ONLY public.construction_sitephoto
    ADD CONSTRAINT construction_sitepho_site_id_d4c6be8f_fk_construct FOREIGN KEY (site_id) REFERENCES public.construction_constructionsite(id) DEFERRABLE INITIALLY DEFERRED;


--
-- Name: construction_sitephoto construction_sitepho_uploaded_by_id_94486bc4_fk_accounts_; Type: FK CONSTRAINT; Schema: public; Owner: postgres
--

ALTER TABLE ONLY public.construction_sitephoto
    ADD CONSTRAINT construction_sitepho_uploaded_by_id_94486bc4_fk_accounts_ FOREIGN KEY (uploaded_by_id) REFERENCES public.accounts_user(id) DEFERRABLE INITIALLY DEFERRED;


--
-- Name: django_admin_log django_admin_log_content_type_id_c4bce8eb_fk_django_co; Type: FK CONSTRAINT; Schema: public; Owner: postgres
--

ALTER TABLE ONLY public.django_admin_log
    ADD CONSTRAINT django_admin_log_content_type_id_c4bce8eb_fk_django_co FOREIGN KEY (content_type_id) REFERENCES public.django_content_type(id) DEFERRABLE INITIALLY DEFERRED;


--
-- Name: django_admin_log django_admin_log_user_id_c564eba6_fk_accounts_user_id; Type: FK CONSTRAINT; Schema: public; Owner: postgres
--

ALTER TABLE ONLY public.django_admin_log
    ADD CONSTRAINT django_admin_log_user_id_c564eba6_fk_accounts_user_id FOREIGN KEY (user_id) REFERENCES public.accounts_user(id) DEFERRABLE INITIALLY DEFERRED;


--
-- Name: documents_document documents_document_project_id_4c5c366d_fk_properties_project_id; Type: FK CONSTRAINT; Schema: public; Owner: postgres
--

ALTER TABLE ONLY public.documents_document
    ADD CONSTRAINT documents_document_project_id_4c5c366d_fk_properties_project_id FOREIGN KEY (project_id) REFERENCES public.properties_project(id) DEFERRABLE INITIALLY DEFERRED;


--
-- Name: documents_document documents_document_property_id_ade85425_fk_propertie; Type: FK CONSTRAINT; Schema: public; Owner: postgres
--

ALTER TABLE ONLY public.documents_document
    ADD CONSTRAINT documents_document_property_id_ade85425_fk_propertie FOREIGN KEY (property_id) REFERENCES public.properties_property(id) DEFERRABLE INITIALLY DEFERRED;


--
-- Name: documents_document documents_document_site_id_426ba4f8_fk_construct; Type: FK CONSTRAINT; Schema: public; Owner: postgres
--

ALTER TABLE ONLY public.documents_document
    ADD CONSTRAINT documents_document_site_id_426ba4f8_fk_construct FOREIGN KEY (site_id) REFERENCES public.construction_constructionsite(id) DEFERRABLE INITIALLY DEFERRED;


--
-- Name: documents_document documents_document_uploaded_by_id_cc1ba81a_fk_accounts_user_id; Type: FK CONSTRAINT; Schema: public; Owner: postgres
--

ALTER TABLE ONLY public.documents_document
    ADD CONSTRAINT documents_document_uploaded_by_id_cc1ba81a_fk_accounts_user_id FOREIGN KEY (uploaded_by_id) REFERENCES public.accounts_user(id) DEFERRABLE INITIALLY DEFERRED;


--
-- Name: finance_cashcall finance_cashcall_created_by_id_b833df31_fk_accounts_user_id; Type: FK CONSTRAINT; Schema: public; Owner: postgres
--

ALTER TABLE ONLY public.finance_cashcall
    ADD CONSTRAINT finance_cashcall_created_by_id_b833df31_fk_accounts_user_id FOREIGN KEY (created_by_id) REFERENCES public.accounts_user(id) DEFERRABLE INITIALLY DEFERRED;


--
-- Name: finance_cashcall finance_cashcall_property_id_4291f4af_fk_properties_property_id; Type: FK CONSTRAINT; Schema: public; Owner: postgres
--

ALTER TABLE ONLY public.finance_cashcall
    ADD CONSTRAINT finance_cashcall_property_id_4291f4af_fk_properties_property_id FOREIGN KEY (property_id) REFERENCES public.properties_property(id) DEFERRABLE INITIALLY DEFERRED;


--
-- Name: finance_financialtransaction finance_financialtra_cash_call_id_041adbae_fk_finance_c; Type: FK CONSTRAINT; Schema: public; Owner: postgres
--

ALTER TABLE ONLY public.finance_financialtransaction
    ADD CONSTRAINT finance_financialtra_cash_call_id_041adbae_fk_finance_c FOREIGN KEY (cash_call_id) REFERENCES public.finance_cashcall(id) DEFERRABLE INITIALLY DEFERRED;


--
-- Name: finance_financialtransaction finance_financialtra_created_by_id_06b2a9ab_fk_accounts_; Type: FK CONSTRAINT; Schema: public; Owner: postgres
--

ALTER TABLE ONLY public.finance_financialtransaction
    ADD CONSTRAINT finance_financialtra_created_by_id_06b2a9ab_fk_accounts_ FOREIGN KEY (created_by_id) REFERENCES public.accounts_user(id) DEFERRABLE INITIALLY DEFERRED;


--
-- Name: finance_financialtransaction finance_financialtra_owner_id_5cf2a339_fk_accounts_; Type: FK CONSTRAINT; Schema: public; Owner: postgres
--

ALTER TABLE ONLY public.finance_financialtransaction
    ADD CONSTRAINT finance_financialtra_owner_id_5cf2a339_fk_accounts_ FOREIGN KEY (owner_id) REFERENCES public.accounts_user(id) DEFERRABLE INITIALLY DEFERRED;


--
-- Name: finance_financialtransaction finance_financialtra_parent_transaction_i_9b58fa39_fk_finance_f; Type: FK CONSTRAINT; Schema: public; Owner: postgres
--

ALTER TABLE ONLY public.finance_financialtransaction
    ADD CONSTRAINT finance_financialtra_parent_transaction_i_9b58fa39_fk_finance_f FOREIGN KEY (parent_transaction_id) REFERENCES public.finance_financialtransaction(id) DEFERRABLE INITIALLY DEFERRED;


--
-- Name: finance_financialtransaction finance_financialtra_project_id_36b6b165_fk_propertie; Type: FK CONSTRAINT; Schema: public; Owner: postgres
--

ALTER TABLE ONLY public.finance_financialtransaction
    ADD CONSTRAINT finance_financialtra_project_id_36b6b165_fk_propertie FOREIGN KEY (project_id) REFERENCES public.properties_project(id) DEFERRABLE INITIALLY DEFERRED;


--
-- Name: finance_financialtransaction finance_financialtra_property_id_926a79c2_fk_propertie; Type: FK CONSTRAINT; Schema: public; Owner: postgres
--

ALTER TABLE ONLY public.finance_financialtransaction
    ADD CONSTRAINT finance_financialtra_property_id_926a79c2_fk_propertie FOREIGN KEY (property_id) REFERENCES public.properties_property(id) DEFERRABLE INITIALLY DEFERRED;


--
-- Name: finance_financialtransaction finance_financialtra_settlement_id_2e3de6eb_fk_finance_s; Type: FK CONSTRAINT; Schema: public; Owner: postgres
--

ALTER TABLE ONLY public.finance_financialtransaction
    ADD CONSTRAINT finance_financialtra_settlement_id_2e3de6eb_fk_finance_s FOREIGN KEY (settlement_id) REFERENCES public.finance_settlement(id) DEFERRABLE INITIALLY DEFERRED;


--
-- Name: finance_financialtransaction finance_financialtra_site_id_30870fb8_fk_construct; Type: FK CONSTRAINT; Schema: public; Owner: postgres
--

ALTER TABLE ONLY public.finance_financialtransaction
    ADD CONSTRAINT finance_financialtra_site_id_30870fb8_fk_construct FOREIGN KEY (site_id) REFERENCES public.construction_constructionsite(id) DEFERRABLE INITIALLY DEFERRED;


--
-- Name: finance_settlement finance_settlement_created_by_id_69fa7aef_fk_accounts_user_id; Type: FK CONSTRAINT; Schema: public; Owner: postgres
--

ALTER TABLE ONLY public.finance_settlement
    ADD CONSTRAINT finance_settlement_created_by_id_69fa7aef_fk_accounts_user_id FOREIGN KEY (created_by_id) REFERENCES public.accounts_user(id) DEFERRABLE INITIALLY DEFERRED;


--
-- Name: finance_settlement finance_settlement_property_id_905649b5_fk_propertie; Type: FK CONSTRAINT; Schema: public; Owner: postgres
--

ALTER TABLE ONLY public.finance_settlement
    ADD CONSTRAINT finance_settlement_property_id_905649b5_fk_propertie FOREIGN KEY (property_id) REFERENCES public.properties_property(id) DEFERRABLE INITIALLY DEFERRED;


--
-- Name: finance_wallet finance_wallet_property_id_182baa71_fk_properties_property_id; Type: FK CONSTRAINT; Schema: public; Owner: postgres
--

ALTER TABLE ONLY public.finance_wallet
    ADD CONSTRAINT finance_wallet_property_id_182baa71_fk_properties_property_id FOREIGN KEY (property_id) REFERENCES public.properties_property(id) DEFERRABLE INITIALLY DEFERRED;


--
-- Name: messaging_message messaging_message_author_id_40198c92_fk_accounts_user_id; Type: FK CONSTRAINT; Schema: public; Owner: postgres
--

ALTER TABLE ONLY public.messaging_message
    ADD CONSTRAINT messaging_message_author_id_40198c92_fk_accounts_user_id FOREIGN KEY (author_id) REFERENCES public.accounts_user(id) DEFERRABLE INITIALLY DEFERRED;


--
-- Name: messaging_message messaging_message_ticket_id_21c6b225_fk_messaging_ticket_id; Type: FK CONSTRAINT; Schema: public; Owner: postgres
--

ALTER TABLE ONLY public.messaging_message
    ADD CONSTRAINT messaging_message_ticket_id_21c6b225_fk_messaging_ticket_id FOREIGN KEY (ticket_id) REFERENCES public.messaging_ticket(id) DEFERRABLE INITIALLY DEFERRED;


--
-- Name: messaging_notification messaging_notification_user_id_7f01f50a_fk_accounts_user_id; Type: FK CONSTRAINT; Schema: public; Owner: postgres
--

ALTER TABLE ONLY public.messaging_notification
    ADD CONSTRAINT messaging_notification_user_id_7f01f50a_fk_accounts_user_id FOREIGN KEY (user_id) REFERENCES public.accounts_user(id) DEFERRABLE INITIALLY DEFERRED;


--
-- Name: messaging_ticket messaging_ticket_created_by_id_f6ec560a_fk_accounts_user_id; Type: FK CONSTRAINT; Schema: public; Owner: postgres
--

ALTER TABLE ONLY public.messaging_ticket
    ADD CONSTRAINT messaging_ticket_created_by_id_f6ec560a_fk_accounts_user_id FOREIGN KEY (created_by_id) REFERENCES public.accounts_user(id) DEFERRABLE INITIALLY DEFERRED;


--
-- Name: messaging_ticket messaging_ticket_property_id_4aeba29c_fk_properties_property_id; Type: FK CONSTRAINT; Schema: public; Owner: postgres
--

ALTER TABLE ONLY public.messaging_ticket
    ADD CONSTRAINT messaging_ticket_property_id_4aeba29c_fk_properties_property_id FOREIGN KEY (property_id) REFERENCES public.properties_property(id) DEFERRABLE INITIALLY DEFERRED;


--
-- Name: properties_project properties_project_property_id_59796d84_fk_propertie; Type: FK CONSTRAINT; Schema: public; Owner: postgres
--

ALTER TABLE ONLY public.properties_project
    ADD CONSTRAINT properties_project_property_id_59796d84_fk_propertie FOREIGN KEY (property_id) REFERENCES public.properties_property(id) DEFERRABLE INITIALLY DEFERRED;


--
-- Name: properties_property properties_property_owner_id_6700dc90_fk_accounts_user_id; Type: FK CONSTRAINT; Schema: public; Owner: postgres
--

ALTER TABLE ONLY public.properties_property
    ADD CONSTRAINT properties_property_owner_id_6700dc90_fk_accounts_user_id FOREIGN KEY (owner_id) REFERENCES public.accounts_user(id) DEFERRABLE INITIALLY DEFERRED;


--
-- Name: properties_propertyimage properties_propertyi_property_id_883194e7_fk_propertie; Type: FK CONSTRAINT; Schema: public; Owner: postgres
--

ALTER TABLE ONLY public.properties_propertyimage
    ADD CONSTRAINT properties_propertyi_property_id_883194e7_fk_propertie FOREIGN KEY (property_id) REFERENCES public.properties_property(id) DEFERRABLE INITIALLY DEFERRED;


--
-- Name: properties_transaction properties_transacti_buyer_tenant_id_085e6202_fk_accounts_; Type: FK CONSTRAINT; Schema: public; Owner: postgres
--

ALTER TABLE ONLY public.properties_transaction
    ADD CONSTRAINT properties_transacti_buyer_tenant_id_085e6202_fk_accounts_ FOREIGN KEY (buyer_tenant_id) REFERENCES public.accounts_user(id) DEFERRABLE INITIALLY DEFERRED;


--
-- Name: properties_transaction properties_transacti_property_id_53f36c2b_fk_propertie; Type: FK CONSTRAINT; Schema: public; Owner: postgres
--

ALTER TABLE ONLY public.properties_transaction
    ADD CONSTRAINT properties_transacti_property_id_53f36c2b_fk_propertie FOREIGN KEY (property_id) REFERENCES public.properties_property(id) DEFERRABLE INITIALLY DEFERRED;


--
-- PostgreSQL database dump complete
--

\unrestrict cynhlLSbcRuR4EKSZYFwbZbk03gYU6O58rbmHLoIzO5ZWSot45fTTwGsiS3nGRr

